INSERT INTO `pages` (`uid`, `pid`, `tstamp`, `crdate`, `deleted`, `hidden`, `starttime`, `endtime`, `fe_group`, `sorting`, `rowDescription`, `editlock`, `sys_language_uid`, `l10n_parent`, `l10n_source`, `l10n_state`, `l10n_diffsource`, `t3ver_oid`, `t3ver_wsid`, `t3ver_state`, `t3ver_stage`, `perms_userid`, `perms_groupid`, `perms_user`, `perms_group`, `perms_everybody`, `SYS_LASTCHANGED`, `shortcut`, `content_from_pid`, `mount_pid`, `tx_impexp_origuid`, `sitemap_priority`, `doktype`, `title`, `slug`, `TSconfig`, `php_tree_stop`, `categories`, `layout`, `extendToSubpages`, `nav_title`, `nav_hide`, `subtitle`, `target`, `url`, `lastUpdated`, `newUntil`, `cache_timeout`, `cache_tags`, `no_search`, `shortcut_mode`, `keywords`, `description`, `abstract`, `author`, `author_email`, `media`, `is_siteroot`, `mount_pid_ol`, `module`, `l18n_cfg`, `backend_layout`, `backend_layout_next_level`, `tsconfig_includes`, `seo_title`, `no_index`, `no_follow`, `sitemap_changefreq`, `canonical_link`, `og_title`, `og_description`, `og_image`, `twitter_title`, `twitter_description`, `twitter_image`, `twitter_card`) VALUES
(1,	0,	1769599869,	1701086847,	0,	0,	0,	0,	'',	256,	'',	0,	0,	0,	0,	NULL,	'{\"TSconfig\":\"\",\"abstract\":\"\",\"author\":\"\",\"author_email\":\"\",\"backend_layout\":\"\",\"backend_layout_next_level\":\"\",\"cache_tags\":\"\",\"cache_timeout\":\"\",\"canonical_link\":\"\",\"categories\":\"\",\"content_from_pid\":\"\",\"description\":\"\",\"doktype\":\"\",\"editlock\":\"\",\"endtime\":\"\",\"extendToSubpages\":\"\",\"fe_group\":\"\",\"hidden\":\"\",\"is_siteroot\":\"\",\"keywords\":\"\",\"l18n_cfg\":\"\",\"lastUpdated\":\"\",\"layout\":\"\",\"media\":\"\",\"module\":\"\",\"nav_hide\":\"\",\"nav_title\":\"\",\"newUntil\":\"\",\"no_follow\":\"\",\"no_index\":\"\",\"no_search\":\"\",\"og_description\":\"\",\"og_image\":\"\",\"og_title\":\"\",\"php_tree_stop\":\"\",\"rowDescription\":\"\",\"seo_title\":\"\",\"sitemap_changefreq\":\"\",\"sitemap_priority\":\"\",\"slug\":\"\",\"starttime\":\"\",\"subtitle\":\"\",\"target\":\"\",\"title\":\"\",\"tsconfig_includes\":\"\",\"twitter_card\":\"\",\"twitter_description\":\"\",\"twitter_image\":\"\",\"twitter_title\":\"\"}',	0,	0,	0,	0,	1,	0,	31,	27,	0,	1769601471,	0,	0,	0,	0,	0.5,	1,	'Chocolux',	'/',	'',	0,	0,	0,	0,	'',	0,	'',	'',	'',	0,	0,	0,	'',	0,	0,	'',	'',	'',	'',	'',	0,	1,	0,	'',	0,	'pagets__default',	'',	'',	'',	0,	0,	'',	'',	'',	'',	0,	'',	'',	0,	'summary'),
(3,	1,	1701259834,	1701150172,	0,	0,	0,	0,	'',	512,	NULL,	0,	0,	0,	0,	NULL,	'{\"doktype\":\"\",\"title\":\"\",\"slug\":\"\",\"nav_title\":\"\",\"subtitle\":\"\",\"seo_title\":\"\",\"description\":\"\",\"no_index\":\"\",\"no_follow\":\"\",\"canonical_link\":\"\",\"sitemap_changefreq\":\"\",\"sitemap_priority\":\"\",\"og_title\":\"\",\"og_description\":\"\",\"og_image\":\"\",\"twitter_title\":\"\",\"twitter_description\":\"\",\"twitter_image\":\"\",\"twitter_card\":\"\",\"abstract\":\"\",\"keywords\":\"\",\"author\":\"\",\"author_email\":\"\",\"lastUpdated\":\"\",\"layout\":\"\",\"newUntil\":\"\",\"backend_layout\":\"\",\"backend_layout_next_level\":\"\",\"content_from_pid\":\"\",\"target\":\"\",\"cache_timeout\":\"\",\"cache_tags\":\"\",\"is_siteroot\":\"\",\"no_search\":\"\",\"php_tree_stop\":\"\",\"module\":\"\",\"media\":\"\",\"tsconfig_includes\":\"\",\"TSconfig\":\"\",\"l18n_cfg\":\"\",\"hidden\":\"\",\"nav_hide\":\"\",\"starttime\":\"\",\"endtime\":\"\",\"extendToSubpages\":\"\",\"fe_group\":\"\",\"editlock\":\"\",\"categories\":\"\",\"rowDescription\":\"\",\"section_class\":\"\",\"data_logo_appearance\":\"\"}',	0,	0,	0,	0,	1,	0,	31,	27,	0,	1769592779,	0,	0,	0,	0,	0.5,	1,	'About',	'/about',	NULL,	0,	0,	0,	0,	'',	0,	'',	'',	'',	0,	0,	0,	'',	0,	0,	NULL,	NULL,	NULL,	'',	'',	0,	0,	0,	'',	0,	'-1',	'',	NULL,	'',	0,	0,	'',	'',	'',	NULL,	0,	'',	NULL,	0,	'summary'),
(5,	1,	1701262845,	1701150172,	0,	0,	0,	0,	'',	1024,	NULL,	0,	0,	0,	0,	NULL,	'{\"doktype\":\"\",\"title\":\"\",\"slug\":\"\",\"nav_title\":\"\",\"subtitle\":\"\",\"seo_title\":\"\",\"description\":\"\",\"no_index\":\"\",\"no_follow\":\"\",\"canonical_link\":\"\",\"sitemap_changefreq\":\"\",\"sitemap_priority\":\"\",\"og_title\":\"\",\"og_description\":\"\",\"og_image\":\"\",\"twitter_title\":\"\",\"twitter_description\":\"\",\"twitter_image\":\"\",\"twitter_card\":\"\",\"abstract\":\"\",\"keywords\":\"\",\"author\":\"\",\"author_email\":\"\",\"lastUpdated\":\"\",\"layout\":\"\",\"newUntil\":\"\",\"backend_layout\":\"\",\"backend_layout_next_level\":\"\",\"content_from_pid\":\"\",\"target\":\"\",\"cache_timeout\":\"\",\"cache_tags\":\"\",\"is_siteroot\":\"\",\"no_search\":\"\",\"php_tree_stop\":\"\",\"module\":\"\",\"media\":\"\",\"tsconfig_includes\":\"\",\"TSconfig\":\"\",\"l18n_cfg\":\"\",\"hidden\":\"\",\"nav_hide\":\"\",\"starttime\":\"\",\"endtime\":\"\",\"extendToSubpages\":\"\",\"fe_group\":\"\",\"editlock\":\"\",\"categories\":\"\",\"rowDescription\":\"\",\"section_class\":\"\",\"data_logo_appearance\":\"\"}',	0,	0,	0,	0,	1,	0,	31,	27,	0,	1769592779,	0,	0,	0,	0,	0.5,	1,	'Testimonial',	'/testimonial',	NULL,	0,	0,	0,	0,	'',	0,	'',	'',	'',	0,	0,	0,	'',	0,	0,	NULL,	NULL,	NULL,	'',	'',	0,	0,	0,	'',	0,	'-1',	'',	NULL,	'',	0,	0,	'',	'',	'',	NULL,	0,	'',	NULL,	0,	'summary'),
(6,	1,	1769581307,	1701150172,	0,	0,	0,	0,	'',	1280,	NULL,	0,	0,	0,	0,	NULL,	'{\"TSconfig\":\"\",\"abstract\":\"\",\"author\":\"\",\"author_email\":\"\",\"backend_layout\":\"\",\"backend_layout_next_level\":\"\",\"cache_tags\":\"\",\"cache_timeout\":\"\",\"canonical_link\":\"\",\"categories\":\"\",\"content_from_pid\":\"\",\"description\":\"\",\"doktype\":\"\",\"editlock\":\"\",\"endtime\":\"\",\"extendToSubpages\":\"\",\"fe_group\":\"\",\"hidden\":\"\",\"is_siteroot\":\"\",\"keywords\":\"\",\"l18n_cfg\":\"\",\"lastUpdated\":\"\",\"layout\":\"\",\"media\":\"\",\"module\":\"\",\"nav_hide\":\"\",\"nav_title\":\"\",\"newUntil\":\"\",\"no_follow\":\"\",\"no_index\":\"\",\"no_search\":\"\",\"og_description\":\"\",\"og_image\":\"\",\"og_title\":\"\",\"php_tree_stop\":\"\",\"rowDescription\":\"\",\"seo_title\":\"\",\"sitemap_changefreq\":\"\",\"sitemap_priority\":\"\",\"slug\":\"\",\"starttime\":\"\",\"subtitle\":\"\",\"target\":\"\",\"title\":\"\",\"tsconfig_includes\":\"\",\"twitter_card\":\"\",\"twitter_description\":\"\",\"twitter_image\":\"\",\"twitter_title\":\"\"}',	0,	0,	0,	0,	1,	0,	31,	27,	0,	1769592779,	0,	0,	0,	0,	0.5,	1,	'Contact Us',	'/contact-us',	NULL,	0,	0,	0,	0,	'',	0,	'',	'',	'',	0,	0,	0,	'',	0,	0,	NULL,	NULL,	NULL,	'',	'',	0,	0,	0,	'',	0,	'',	'',	NULL,	'',	0,	0,	'',	'',	'',	NULL,	0,	'',	NULL,	0,	'summary'),
(14,	1,	1767940968,	1767940965,	0,	0,	0,	0,	'0',	896,	NULL,	0,	0,	0,	0,	NULL,	'{\"hidden\":\"\"}',	0,	0,	0,	0,	1,	0,	31,	27,	0,	1769592779,	0,	0,	0,	0,	0.5,	1,	'Offer',	'/offer',	NULL,	0,	0,	0,	0,	'',	0,	'',	'',	'',	0,	0,	0,	'',	0,	0,	NULL,	NULL,	NULL,	'',	'',	0,	0,	0,	'',	0,	'',	'',	'',	'',	0,	0,	'',	'',	'',	NULL,	0,	'',	NULL,	0,	''),
(16,	1,	1767964911,	1767941288,	0,	0,	0,	0,	'',	832,	NULL,	0,	0,	0,	0,	NULL,	'{\"TSconfig\":\"\",\"abstract\":\"\",\"author\":\"\",\"author_email\":\"\",\"backend_layout\":\"\",\"backend_layout_next_level\":\"\",\"cache_tags\":\"\",\"cache_timeout\":\"\",\"canonical_link\":\"\",\"categories\":\"\",\"content_from_pid\":\"\",\"description\":\"\",\"doktype\":\"\",\"editlock\":\"\",\"endtime\":\"\",\"extendToSubpages\":\"\",\"fe_group\":\"\",\"hidden\":\"\",\"is_siteroot\":\"\",\"keywords\":\"\",\"l18n_cfg\":\"\",\"lastUpdated\":\"\",\"layout\":\"\",\"media\":\"\",\"module\":\"\",\"nav_hide\":\"\",\"nav_title\":\"\",\"newUntil\":\"\",\"no_follow\":\"\",\"no_index\":\"\",\"no_search\":\"\",\"og_description\":\"\",\"og_image\":\"\",\"og_title\":\"\",\"php_tree_stop\":\"\",\"rowDescription\":\"\",\"seo_title\":\"\",\"sitemap_changefreq\":\"\",\"sitemap_priority\":\"\",\"slug\":\"\",\"starttime\":\"\",\"subtitle\":\"\",\"target\":\"\",\"title\":\"\",\"tsconfig_includes\":\"\",\"twitter_card\":\"\",\"twitter_description\":\"\",\"twitter_image\":\"\",\"twitter_title\":\"\"}',	0,	0,	0,	0,	1,	0,	31,	27,	0,	1769592779,	0,	0,	0,	0,	0.5,	1,	'Chocolates',	'/chocolates',	NULL,	0,	0,	0,	0,	'',	0,	'',	'',	'',	0,	0,	0,	'',	0,	0,	NULL,	NULL,	NULL,	'',	'',	0,	0,	0,	'',	0,	'',	'',	'',	'',	0,	0,	'',	'',	'',	NULL,	0,	'',	NULL,	0,	''),
(17,	1,	1768020018,	1768020002,	0,	0,	0,	0,	'0',	1536,	NULL,	0,	0,	0,	0,	NULL,	'{\"hidden\":\"\"}',	0,	0,	0,	0,	1,	0,	31,	27,	0,	1769601471,	0,	0,	0,	0,	0.5,	1,	'404',	'/404',	NULL,	0,	0,	0,	0,	'',	1,	'',	'',	'',	0,	0,	0,	'',	0,	0,	NULL,	NULL,	NULL,	'',	'',	0,	0,	0,	'',	0,	'',	'',	'',	'',	0,	0,	'',	'',	'',	NULL,	0,	'',	NULL,	0,	''),
(23,	1,	1769518157,	1768027578,	0,	0,	0,	0,	'0',	1792,	NULL,	0,	0,	0,	0,	NULL,	'{\"hidden\":\"\"}',	0,	0,	0,	0,	1,	0,	31,	27,	0,	0,	0,	0,	0,	0,	0.5,	254,	'FooterMenu',	'/footermenu',	NULL,	0,	0,	0,	0,	'',	0,	'',	'',	'',	0,	0,	0,	'',	0,	0,	NULL,	NULL,	NULL,	'',	'',	0,	0,	0,	'',	0,	'',	'',	'',	'',	0,	0,	'',	'',	'',	NULL,	0,	'',	NULL,	0,	''),
(25,	23,	1769576290,	1768027607,	0,	0,	0,	0,	'',	512,	NULL,	0,	0,	0,	0,	NULL,	'{\"TSconfig\":\"\",\"abstract\":\"\",\"author\":\"\",\"author_email\":\"\",\"backend_layout\":\"\",\"backend_layout_next_level\":\"\",\"categories\":\"\",\"doktype\":\"\",\"editlock\":\"\",\"endtime\":\"\",\"extendToSubpages\":\"\",\"fe_group\":\"\",\"hidden\":\"\",\"is_siteroot\":\"\",\"l18n_cfg\":\"\",\"lastUpdated\":\"\",\"layout\":\"\",\"media\":\"\",\"nav_hide\":\"\",\"nav_title\":\"\",\"newUntil\":\"\",\"no_search\":\"\",\"php_tree_stop\":\"\",\"rowDescription\":\"\",\"shortcut\":\"\",\"shortcut_mode\":\"\",\"slug\":\"\",\"starttime\":\"\",\"subtitle\":\"\",\"target\":\"\",\"title\":\"\",\"tsconfig_includes\":\"\"}',	0,	0,	0,	0,	1,	0,	31,	27,	0,	0,	3,	0,	0,	0,	0.5,	4,	'About',	'/about-1',	NULL,	0,	0,	0,	0,	'',	0,	'',	'',	'',	0,	0,	0,	'',	0,	0,	NULL,	NULL,	NULL,	'',	'',	0,	0,	0,	'',	0,	'',	'',	'',	'',	0,	0,	'',	'',	'',	NULL,	0,	'',	NULL,	0,	''),
(26,	23,	1769576301,	1768027621,	0,	0,	0,	0,	'',	768,	NULL,	0,	0,	0,	0,	NULL,	'{\"TSconfig\":\"\",\"abstract\":\"\",\"author\":\"\",\"author_email\":\"\",\"backend_layout\":\"\",\"backend_layout_next_level\":\"\",\"categories\":\"\",\"doktype\":\"\",\"editlock\":\"\",\"endtime\":\"\",\"extendToSubpages\":\"\",\"fe_group\":\"\",\"hidden\":\"\",\"is_siteroot\":\"\",\"l18n_cfg\":\"\",\"lastUpdated\":\"\",\"layout\":\"\",\"media\":\"\",\"nav_hide\":\"\",\"nav_title\":\"\",\"newUntil\":\"\",\"no_search\":\"\",\"php_tree_stop\":\"\",\"rowDescription\":\"\",\"shortcut\":\"\",\"shortcut_mode\":\"\",\"slug\":\"\",\"starttime\":\"\",\"subtitle\":\"\",\"target\":\"\",\"title\":\"\",\"tsconfig_includes\":\"\"}',	0,	0,	0,	0,	1,	0,	31,	27,	0,	0,	16,	0,	0,	0,	0.5,	4,	'Chocolates',	'/chocolates-1',	NULL,	0,	0,	0,	0,	'',	0,	'',	'',	'',	0,	0,	0,	'',	0,	0,	NULL,	NULL,	NULL,	'',	'',	0,	0,	0,	'',	0,	'',	'',	'',	'',	0,	0,	'',	'',	'',	NULL,	0,	'',	NULL,	0,	''),
(27,	23,	1769576309,	1768028149,	0,	0,	0,	0,	'',	1024,	NULL,	0,	0,	0,	0,	NULL,	'{\"TSconfig\":\"\",\"abstract\":\"\",\"author\":\"\",\"author_email\":\"\",\"backend_layout\":\"\",\"backend_layout_next_level\":\"\",\"categories\":\"\",\"doktype\":\"\",\"editlock\":\"\",\"endtime\":\"\",\"extendToSubpages\":\"\",\"fe_group\":\"\",\"hidden\":\"\",\"is_siteroot\":\"\",\"l18n_cfg\":\"\",\"lastUpdated\":\"\",\"layout\":\"\",\"media\":\"\",\"nav_hide\":\"\",\"nav_title\":\"\",\"newUntil\":\"\",\"no_search\":\"\",\"php_tree_stop\":\"\",\"rowDescription\":\"\",\"shortcut\":\"\",\"shortcut_mode\":\"\",\"slug\":\"\",\"starttime\":\"\",\"subtitle\":\"\",\"target\":\"\",\"title\":\"\",\"tsconfig_includes\":\"\"}',	0,	0,	0,	0,	1,	0,	31,	27,	0,	0,	14,	0,	0,	0,	0.5,	4,	'Offer',	'/offer-1',	NULL,	0,	0,	0,	0,	'',	0,	'',	'',	'',	0,	0,	0,	'',	0,	0,	NULL,	NULL,	NULL,	'',	'',	0,	0,	0,	'',	0,	'',	'',	'',	'',	0,	0,	'',	'',	'',	NULL,	0,	'',	NULL,	0,	''),
(28,	23,	1769576325,	1768028163,	0,	0,	0,	0,	'',	1280,	NULL,	0,	0,	0,	0,	NULL,	'{\"TSconfig\":\"\",\"abstract\":\"\",\"author\":\"\",\"author_email\":\"\",\"backend_layout\":\"\",\"backend_layout_next_level\":\"\",\"categories\":\"\",\"doktype\":\"\",\"editlock\":\"\",\"endtime\":\"\",\"extendToSubpages\":\"\",\"fe_group\":\"\",\"hidden\":\"\",\"is_siteroot\":\"\",\"l18n_cfg\":\"\",\"lastUpdated\":\"\",\"layout\":\"\",\"media\":\"\",\"nav_hide\":\"\",\"nav_title\":\"\",\"newUntil\":\"\",\"no_search\":\"\",\"php_tree_stop\":\"\",\"rowDescription\":\"\",\"shortcut\":\"\",\"shortcut_mode\":\"\",\"slug\":\"\",\"starttime\":\"\",\"subtitle\":\"\",\"target\":\"\",\"title\":\"\",\"tsconfig_includes\":\"\"}',	0,	0,	0,	0,	1,	0,	31,	27,	0,	0,	5,	0,	0,	0,	0.5,	4,	'Testmonial',	'/testmonial',	NULL,	0,	0,	0,	0,	'',	0,	'',	'',	'',	0,	0,	0,	'',	0,	0,	NULL,	NULL,	NULL,	'',	'',	0,	0,	0,	'',	0,	'',	'',	'',	'',	0,	0,	'',	'',	'',	NULL,	0,	'',	NULL,	0,	''),
(29,	23,	1769576339,	1768028182,	0,	0,	0,	0,	'',	1536,	NULL,	0,	0,	0,	0,	NULL,	'{\"TSconfig\":\"\",\"abstract\":\"\",\"author\":\"\",\"author_email\":\"\",\"backend_layout\":\"\",\"backend_layout_next_level\":\"\",\"categories\":\"\",\"doktype\":\"\",\"editlock\":\"\",\"endtime\":\"\",\"extendToSubpages\":\"\",\"fe_group\":\"\",\"hidden\":\"\",\"is_siteroot\":\"\",\"l18n_cfg\":\"\",\"lastUpdated\":\"\",\"layout\":\"\",\"media\":\"\",\"nav_hide\":\"\",\"nav_title\":\"\",\"newUntil\":\"\",\"no_search\":\"\",\"php_tree_stop\":\"\",\"rowDescription\":\"\",\"shortcut\":\"\",\"shortcut_mode\":\"\",\"slug\":\"\",\"starttime\":\"\",\"subtitle\":\"\",\"target\":\"\",\"title\":\"\",\"tsconfig_includes\":\"\"}',	0,	0,	0,	0,	1,	0,	31,	27,	0,	0,	6,	0,	0,	0,	0.5,	4,	'Contact Us',	'/contact-us-1',	NULL,	0,	0,	0,	0,	'',	0,	'',	'',	'',	0,	0,	0,	'',	0,	0,	NULL,	NULL,	NULL,	'',	'',	0,	0,	0,	'',	0,	'',	'',	'',	'',	0,	0,	'',	'',	'',	NULL,	0,	'',	NULL,	0,	''),
(30,	23,	1769518599,	1769518568,	0,	0,	0,	0,	'',	256,	NULL,	0,	0,	0,	0,	NULL,	'{\"TSconfig\":\"\",\"abstract\":\"\",\"author\":\"\",\"author_email\":\"\",\"backend_layout\":\"\",\"backend_layout_next_level\":\"\",\"categories\":\"\",\"doktype\":\"\",\"editlock\":\"\",\"endtime\":\"\",\"extendToSubpages\":\"\",\"fe_group\":\"\",\"hidden\":\"\",\"is_siteroot\":\"\",\"l18n_cfg\":\"\",\"lastUpdated\":\"\",\"layout\":\"\",\"media\":\"\",\"nav_hide\":\"\",\"nav_title\":\"\",\"newUntil\":\"\",\"no_search\":\"\",\"php_tree_stop\":\"\",\"rowDescription\":\"\",\"shortcut\":\"\",\"shortcut_mode\":\"\",\"slug\":\"\",\"starttime\":\"\",\"subtitle\":\"\",\"target\":\"\",\"title\":\"\",\"tsconfig_includes\":\"\"}',	0,	0,	0,	0,	1,	0,	31,	27,	0,	0,	1,	0,	0,	0,	0.5,	4,	'Home',	'/home',	NULL,	0,	0,	0,	0,	'',	0,	'',	'',	'',	0,	0,	0,	'',	0,	0,	NULL,	NULL,	NULL,	'',	'',	0,	0,	0,	'',	0,	'',	'',	'',	'',	0,	0,	'',	'',	'',	NULL,	0,	'',	NULL,	0,	'');

INSERT INTO `sys_file` (`uid`, `pid`, `tstamp`, `last_indexed`, `identifier`, `identifier_hash`, `folder_hash`, `extension`, `name`, `sha1`, `creation_date`, `modification_date`, `size`, `storage`, `type`, `mime_type`, `missing`, `metadata`) VALUES
(1,	0,	1701148203,	1701148203,	'/_assets/641e93b892f53fcb36df09d3a6f44a32/Icons/homepage-logo.png',	'23729ce3b30dcd8ad53bfb37a6b31c6900f0cb78',	'e726e906cba14377b38e4d611702f44257e6f101',	'png',	'homepage-logo.png',	'1e7127dd797434d59e5b28025dd34d79637bdf42',	1701087144,	1647234313,	80281,	0,	2,	'image/png',	0,	0),
(2,	0,	1701153442,	1701153442,	'/_assets/a19a52d18aa5fcd2da308163624eb166/Icons/Extension.svg',	'5b1dc350606c0e9f45e1fe76012a7a72acbee4eb',	'5aa5b076edbbac548b38f4d22f6066096c8aed83',	'svg',	'Extension.svg',	'a247c773642ec1903e8cf7eb404741bdfff03e56',	1701089396,	1698064158,	1294,	0,	2,	'image/svg+xml',	0,	0),
(3,	0,	1701153442,	1701153442,	'/_assets/a19a52d18aa5fcd2da308163624eb166/Images/legacy-icon.gif',	'81905e53291c255353f8dfcd0b14aa0e50c1552f',	'25a674f6a5e8a849080966e9f63e83efa7555263',	'gif',	'legacy-icon.gif',	'921d78071223f0a62a53abf559e1810654083295',	1701089396,	1698064158,	366,	0,	2,	'image/gif',	0,	0),
(4,	0,	1701153442,	1701153442,	'/_assets/a19a52d18aa5fcd2da308163624eb166/Images/Logo_TVconverter.png',	'dc4d971a7aa8f41fc058b67fdeee7f5e0580d78b',	'25a674f6a5e8a849080966e9f63e83efa7555263',	'png',	'Logo_TVconverter.png',	'dfeb3eea11a491fc84b468c8a5198914bd8fb08d',	1701089396,	1698064158,	5657,	0,	2,	'image/png',	0,	0),
(5,	0,	1701153442,	1701153442,	'/_assets/a19a52d18aa5fcd2da308163624eb166/Icons/MaskUkraine.svg',	'315ee25e92e2ed53388caf0e9bca111de57aec62',	'5aa5b076edbbac548b38f4d22f6066096c8aed83',	'svg',	'MaskUkraine.svg',	'707debba0c50806983a78a1be9487dd6e9af5c77',	1701089396,	1698064158,	2031,	0,	2,	'image/svg+xml',	0,	0),
(6,	0,	1701156425,	1701156425,	'/white-arrow.png',	'879728077a2f2b1366618e139e3d79431a4743ee',	'42099b4af021e53fd8fd4e056c2568d7c2e3ffa8',	'png',	'white-arrow.png',	'c03d14cdde7387175e876aaf7a22d4206ead0d7e',	1701156425,	1701156425,	348,	1,	2,	'image/png',	0,	0),
(7,	0,	1701156481,	1701156481,	'/slider-img.png',	'b3a452aa5ce19bc4bd6fcdbd9286714fc37bc872',	'42099b4af021e53fd8fd4e056c2568d7c2e3ffa8',	'png',	'slider-img.png',	'1e6a802428793f3980cf55be837835a2512a6d0f',	1701156481,	1701156481,	115316,	1,	2,	'image/png',	0,	0),
(8,	0,	1701167464,	1701167464,	'/slider-bg2.png',	'a6191d0253edd4ba0bf0a38cb20144b5dc3c6ecf',	'42099b4af021e53fd8fd4e056c2568d7c2e3ffa8',	'png',	'slider-bg2.png',	'53540e20c340186f7881555054a7a06a0e8ced06',	1701167464,	1701167464,	155371,	1,	2,	'image/png',	0,	0),
(9,	0,	1701167464,	1701167464,	'/slider-bg1.png',	'b1605216e5c732ccc9fe9f9e74a0a9be3c3430b0',	'42099b4af021e53fd8fd4e056c2568d7c2e3ffa8',	'png',	'slider-bg1.png',	'6ab004c82567596f6c950541aaebb3cf68da0c20',	1701167464,	1701167464,	74250,	1,	2,	'image/png',	0,	0),
(10,	0,	1701167464,	1701167464,	'/offer-img.png',	'0712748311af4c1fd0910539e024d142239ae956',	'42099b4af021e53fd8fd4e056c2568d7c2e3ffa8',	'png',	'offer-img.png',	'25e3f8f0bcbfb2c065f77aae318b33596dbbbaf5',	1701167464,	1701167464,	67060,	1,	2,	'image/png',	0,	0),
(11,	0,	1701167464,	1701167464,	'/insta-img.png',	'0f9e822897f5edc646b1ff227733a5b50580bc71',	'42099b4af021e53fd8fd4e056c2568d7c2e3ffa8',	'png',	'insta-img.png',	'b82b0681048233f527411e6c96810620992d4ae6',	1701167464,	1701167464,	2577,	1,	2,	'image/png',	0,	0),
(12,	0,	1701167464,	1701167464,	'/color-arrow.png',	'1490c5924b7eed2ec1b508b9d164e0716ff05593',	'42099b4af021e53fd8fd4e056c2568d7c2e3ffa8',	'png',	'color-arrow.png',	'b693a1f8ef8d230801e68c112b533cfea752a1aa',	1701167464,	1701167464,	394,	1,	2,	'image/png',	0,	0),
(13,	0,	1701167464,	1701167464,	'/client-img.jpg',	'56b36f5c512468b3491d94168ffdff1e14c6bf11',	'42099b4af021e53fd8fd4e056c2568d7c2e3ffa8',	'jpg',	'client-img.jpg',	'578a1aed62575e6fa6e4f417803b05125800b960',	1701167464,	1701167464,	29226,	1,	2,	'image/jpeg',	0,	0),
(14,	0,	1701167464,	1701167464,	'/client-chocolate.png',	'16d64d0e2b0d22c1595cde40dc2e1e7ccf5bddc1',	'42099b4af021e53fd8fd4e056c2568d7c2e3ffa8',	'png',	'client-chocolate.png',	'6225a98dfd851fe3df636c283fdd1018b216cbfb',	1701167464,	1701167464,	100936,	1,	2,	'image/png',	0,	0),
(15,	0,	1701167464,	1701167464,	'/client-bg.png',	'd707872e0f27fc3137025e26920200d83e8f444f',	'42099b4af021e53fd8fd4e056c2568d7c2e3ffa8',	'png',	'client-bg.png',	'1b0f65c2907a08c70f71aad4c9be9a138b29ba24',	1701167464,	1701167464,	45417,	1,	2,	'image/png',	0,	0),
(16,	0,	1701167464,	1701167464,	'/chocolate3.png',	'95673092f000fbad6c734b383637fff1fe1e0a3f',	'42099b4af021e53fd8fd4e056c2568d7c2e3ffa8',	'png',	'chocolate3.png',	'9cdda7ed47d486b653914c2053dbf83896a5e472',	1701167464,	1701167464,	61366,	1,	2,	'image/png',	0,	0),
(17,	0,	1701167464,	1701167464,	'/chocolate2.png',	'1557394f9ae8d612008ed1a896ecf5571ceda7a4',	'42099b4af021e53fd8fd4e056c2568d7c2e3ffa8',	'png',	'chocolate2.png',	'437a3f019f9a61e2f9cd3c20ab4b78676f0ec59e',	1701167464,	1701167464,	51345,	1,	2,	'image/png',	0,	0),
(18,	0,	1701167464,	1701167464,	'/chocolate1.png',	'4ad3a02ad9f6c1b2c8e54241b619c11a5adaee40',	'42099b4af021e53fd8fd4e056c2568d7c2e3ffa8',	'png',	'chocolate1.png',	'95ce077602fa1d1970431395c454affa46612d3b',	1701167464,	1701167464,	58856,	1,	2,	'image/png',	0,	0),
(19,	0,	1701167464,	1701167464,	'/about-img.png',	'1078321bae275df95fd7ac700956015ee0b9eb01',	'42099b4af021e53fd8fd4e056c2568d7c2e3ffa8',	'png',	'about-img.png',	'dc501437ba7f562132c82eb1b81120641d22b413',	1701167464,	1701167464,	65115,	1,	2,	'image/png',	0,	0),
(20,	0,	1701243214,	1701243214,	'/form_definitions/chocoluxcontact.form.yaml',	'8e0a6f89664cdc11b9f37dfb60cf0bbaf93e388d',	'c62e3e70a526a59f0f0b7687864947eab72d7d3f',	'yaml',	'chocoluxcontact.form.yaml',	'6383ff34065266eea01233ef940dd56a328b53ac',	1701243214,	1701243214,	3041,	1,	1,	'text/plain',	0,	0),
(21,	0,	1767857211,	1767857211,	'/e52623cb8578d625.png',	'8c766046a69abb32ecbf365ae83ce30c8ac83500',	'42099b4af021e53fd8fd4e056c2568d7c2e3ffa8',	'png',	'e52623cb8578d625.png',	'8f0c0c21dbe44a4a251b1b0997b1af77fc90f115',	1767853880,	1704178928,	424579,	1,	2,	'image/png',	0,	0),
(22,	0,	1767875068,	1767875068,	'/user_upload/maps-and-flags.png',	'11904400214985e9082daa95a5b6911f5a1826a1',	'19669f1e02c2f16705ec7587044c66443be70725',	'png',	'maps-and-flags.png',	'f383b15cda1802e32c47a86ac158c945146ac793',	1767875068,	1767875068,	6451,	1,	2,	'image/png',	0,	0),
(23,	0,	1767875088,	1767875088,	'/user_upload/telephone.png',	'7721a2f3ec652c4e250a105bd6ff6cf0724b4f52',	'19669f1e02c2f16705ec7587044c66443be70725',	'png',	'telephone.png',	'89917338b4746b5906838cb3985a6d52870ddbe1',	1767875088,	1767875088,	9480,	1,	2,	'image/png',	0,	0),
(24,	0,	1767875098,	1767875098,	'/user_upload/email.png',	'724094de4402dc1a08bce50c68b34572bc9ed3d1',	'19669f1e02c2f16705ec7587044c66443be70725',	'png',	'email.png',	'c6233d9f3c7fd6df1689f5cedf0d2175f2dc4d21',	1767875098,	1767875098,	11317,	1,	2,	'image/png',	0,	0),
(25,	0,	1767877252,	1767877252,	'/user_upload/index.html',	'c25533f303185517ca3e1e24b215d53aa74076d2',	'19669f1e02c2f16705ec7587044c66443be70725',	'html',	'index.html',	'da39a3ee5e6b4b0d3255bfef95601890afd80709',	1767853880,	1701083095,	0,	1,	5,	'application/x-empty',	0,	0),
(26,	0,	1767878244,	1767878244,	'/user_upload/facebook.png',	'7678d3a71e394b4a596496d5d4d81bbfafab6089',	'19669f1e02c2f16705ec7587044c66443be70725',	'png',	'facebook.png',	'4047442ef23d060ad539f447dec52efec7786a0d',	1767878244,	1767878244,	10793,	1,	2,	'image/png',	0,	0),
(27,	0,	1767878244,	1767878244,	'/user_upload/twitter.png',	'af5b24b1b7d57aa4540ea75b398297a4c8f562d1',	'19669f1e02c2f16705ec7587044c66443be70725',	'png',	'twitter.png',	'ec8795722329e3fcf6804406e537ac15cfbf081c',	1767878244,	1767878244,	23628,	1,	2,	'image/png',	0,	0),
(28,	0,	1767878244,	1767878244,	'/user_upload/linkedin.png',	'0b17748d0eacdfae045cf250ef8e3f6b8813be58',	'19669f1e02c2f16705ec7587044c66443be70725',	'png',	'linkedin.png',	'290fa948313f3684924857a6e7b1fe0102ee452b',	1767878244,	1767878244,	12973,	1,	2,	'image/png',	0,	0),
(29,	0,	1767878657,	1767878657,	'/user_upload/linkedin_1_.png',	'b035451404bef419222fb909bf90dbb23e9c6fc1',	'19669f1e02c2f16705ec7587044c66443be70725',	'png',	'linkedin_1_.png',	'e96c17da338ecfab8f31d4c345b090fe9e7d8aeb',	1767878657,	1767878657,	12857,	1,	2,	'image/png',	0,	0),
(30,	0,	1767878657,	1767878657,	'/user_upload/facebook_1_.png',	'495e7193a0ef631107b89bc4ba48507a03657025',	'19669f1e02c2f16705ec7587044c66443be70725',	'png',	'facebook_1_.png',	'82249e7e3daa839b3ede84ee3ef0c11c72117c38',	1767878657,	1767878657,	6203,	1,	2,	'image/png',	0,	0),
(31,	0,	1767933094,	1767933094,	'/user_upload/icons8-twitter.svg',	'cd76d10c57b188c7e527d1c45323466720d17368',	'19669f1e02c2f16705ec7587044c66443be70725',	'svg',	'icons8-twitter.svg',	'2dab1b87508c101c79e662b1006ee104c89b93b4',	1767933094,	1767933094,	987,	1,	2,	'image/svg+xml',	0,	0),
(32,	0,	1767933094,	1767933094,	'/user_upload/icons8-linkedin.svg',	'5d05f1d878c3d2e623f6ffe2219666b70db5b136',	'19669f1e02c2f16705ec7587044c66443be70725',	'svg',	'icons8-linkedin.svg',	'a1d7f3aaefd94b23c3d815bf05c29ee92e74021a',	1767933094,	1767933094,	587,	1,	2,	'image/svg+xml',	0,	0),
(33,	0,	1767933094,	1767933094,	'/user_upload/icons8-facebook.svg',	'816fdd0d5869529217fd48c3d4506bf1979b66ae',	'19669f1e02c2f16705ec7587044c66443be70725',	'svg',	'icons8-facebook.svg',	'9745d1c10f6b586ff143855dc173ecbd1bb50c2c',	1767933094,	1767933094,	449,	1,	2,	'image/svg+xml',	0,	0),
(34,	0,	1767950515,	1767950515,	'/email.svg',	'59a10dde1b95d9dc77a2fda163054f7840c2dd89',	'42099b4af021e53fd8fd4e056c2568d7c2e3ffa8',	'svg',	'email.svg',	'c68f63b55203472f1673aeafbf7ba766f5844178',	1767949891,	1766772938,	413,	1,	2,	'image/svg+xml',	0,	0),
(35,	0,	1767950515,	1767950515,	'/facebook-brands.svg',	'b8c02f30488201b094c35de53af38122809eefdb',	'42099b4af021e53fd8fd4e056c2568d7c2e3ffa8',	'svg',	'facebook-brands.svg',	'c1eb4cb07f0430295419d5e24668994f927debdc',	1767949891,	1766772938,	310,	1,	2,	'image/svg+xml',	0,	0),
(36,	0,	1767950515,	1767950515,	'/house-white-solid.svg',	'a0d61619fc82c760f440562832599843558714fa',	'42099b4af021e53fd8fd4e056c2568d7c2e3ffa8',	'svg',	'house-white-solid.svg',	'6248cf7317556e5932b854990c394ba3606724fd',	1767949891,	1766772938,	689,	1,	2,	'image/svg+xml',	0,	0),
(37,	0,	1767950515,	1767950515,	'/instagram-brands.svg',	'fb064163798a4c84fabfabe16597a147fd158b1a',	'42099b4af021e53fd8fd4e056c2568d7c2e3ffa8',	'svg',	'instagram-brands.svg',	'e1c24b6ed57c16d1c6ae93ccb5567925e25449c5',	1767949891,	1766772938,	1067,	1,	2,	'image/svg+xml',	0,	0),
(38,	0,	1767950515,	1767950515,	'/linkedin-brands.svg',	'd18a15b0092eecdb5df6e437ed4f4560302c15da',	'42099b4af021e53fd8fd4e056c2568d7c2e3ffa8',	'svg',	'linkedin-brands.svg',	'3f90e5a2ef3ecec71a9caa0c43c5efc037d74539',	1767949891,	1766772938,	426,	1,	2,	'image/svg+xml',	0,	0),
(39,	0,	1767950515,	1767950515,	'/location.svg',	'effbb9e4fa152c703a7064a2b9833e006d896f23',	'42099b4af021e53fd8fd4e056c2568d7c2e3ffa8',	'svg',	'location.svg',	'33f6194c618d820d24435bbf21bd0a4cbe3880af',	1767949891,	1766772938,	313,	1,	2,	'image/svg+xml',	0,	0),
(40,	0,	1767950515,	1767950515,	'/phone.svg',	'44d20d8952a99f7ecdb2db881bb742ce2063c4c9',	'42099b4af021e53fd8fd4e056c2568d7c2e3ffa8',	'svg',	'phone.svg',	'cfb34098176e57ca943398f5961c76c53193f43e',	1767949891,	1766772938,	422,	1,	2,	'image/svg+xml',	0,	0),
(41,	0,	1767950515,	1767950515,	'/twitter-brands.svg',	'd21d7a57aa32f1ee780a782dc5fad9eff13c3678',	'42099b4af021e53fd8fd4e056c2568d7c2e3ffa8',	'svg',	'twitter-brands.svg',	'd2184d8e17d2dbf8606b3f3f88195a67a0991572',	1767949891,	1766772938,	707,	1,	2,	'image/svg+xml',	0,	0),
(42,	0,	1767950515,	1767950515,	'/youtube-brands.svg',	'd34cadf57c026a6705e024747222f7541fd132eb',	'42099b4af021e53fd8fd4e056c2568d7c2e3ffa8',	'svg',	'youtube-brands.svg',	'dc04feabdeb41209f6f94e6c432709ca53544b69',	1767949891,	1766772938,	501,	1,	2,	'image/svg+xml',	0,	0),
(43,	0,	1767950517,	1767950517,	'/at_chocolux/about-img.png',	'62b02aa1fa57d5d447554523ce6d5ad87c1c0e3a',	'36686e889a17c202b77cef32bad75df83ac38b92',	'png',	'about-img.png',	'dc501437ba7f562132c82eb1b81120641d22b413',	1767950436,	1767950113,	65115,	1,	2,	'image/png',	0,	0),
(44,	0,	1767950517,	1767950517,	'/at_chocolux/chocolate1.png',	'a4ee3dfd3cdba52b28e575b9e2d1fbeb60f4e659',	'36686e889a17c202b77cef32bad75df83ac38b92',	'png',	'chocolate1.png',	'95ce077602fa1d1970431395c454affa46612d3b',	1767950436,	1767950113,	58856,	1,	2,	'image/png',	0,	0),
(45,	0,	1767950517,	1767950517,	'/at_chocolux/chocolate2.png',	'b097f6193ff25931e053474b1c18a3017de6cb61',	'36686e889a17c202b77cef32bad75df83ac38b92',	'png',	'chocolate2.png',	'437a3f019f9a61e2f9cd3c20ab4b78676f0ec59e',	1767950436,	1767950113,	51345,	1,	2,	'image/png',	0,	0),
(46,	0,	1767950517,	1767950517,	'/at_chocolux/chocolate3.png',	'11d62ec85e9c6154b0886c15f141ff6dc9dee62a',	'36686e889a17c202b77cef32bad75df83ac38b92',	'png',	'chocolate3.png',	'9cdda7ed47d486b653914c2053dbf83896a5e472',	1767950436,	1767950113,	61366,	1,	2,	'image/png',	0,	0),
(47,	0,	1767950517,	1767950517,	'/at_chocolux/client-bg.png',	'5c7c214a382c0ca3bd3ef512534fcb602058e620',	'36686e889a17c202b77cef32bad75df83ac38b92',	'png',	'client-bg.png',	'1b0f65c2907a08c70f71aad4c9be9a138b29ba24',	1767950436,	1767950113,	45417,	1,	2,	'image/png',	0,	0),
(48,	0,	1767950517,	1767950517,	'/at_chocolux/client-chocolate.png',	'477b7db93bc75a32d161b868a7b93544387a5fc6',	'36686e889a17c202b77cef32bad75df83ac38b92',	'png',	'client-chocolate.png',	'6225a98dfd851fe3df636c283fdd1018b216cbfb',	1767950436,	1767950113,	100936,	1,	2,	'image/png',	0,	0),
(49,	0,	1767950517,	1767950517,	'/at_chocolux/client-img.jpg',	'cc05b6d7a9ec327fe40227ce1246df0640f7a8ae',	'36686e889a17c202b77cef32bad75df83ac38b92',	'jpg',	'client-img.jpg',	'578a1aed62575e6fa6e4f417803b05125800b960',	1767950436,	1767950113,	29226,	1,	2,	'image/jpeg',	0,	0),
(50,	0,	1767950517,	1767950517,	'/at_chocolux/color-arrow.png',	'2d56334875cc5dd672bcbf91bdb802dfbb01801c',	'36686e889a17c202b77cef32bad75df83ac38b92',	'png',	'color-arrow.png',	'b693a1f8ef8d230801e68c112b533cfea752a1aa',	1767950436,	1767950113,	394,	1,	2,	'image/png',	0,	0),
(51,	0,	1767950517,	1767950517,	'/at_chocolux/e52623cb8578d625.png',	'6b006226d57f70ba917d4ed2bbb4e6bcf17483ab',	'36686e889a17c202b77cef32bad75df83ac38b92',	'png',	'e52623cb8578d625.png',	'8f0c0c21dbe44a4a251b1b0997b1af77fc90f115',	1767950436,	1767950113,	424579,	1,	2,	'image/png',	0,	0),
(52,	0,	1767950517,	1767950517,	'/at_chocolux/email.svg',	'381519f7d329eb85461eed862aa27ea4e940999c',	'36686e889a17c202b77cef32bad75df83ac38b92',	'svg',	'email.svg',	'c68f63b55203472f1673aeafbf7ba766f5844178',	1767950436,	1767950113,	413,	1,	2,	'image/svg+xml',	0,	0),
(53,	0,	1767950517,	1767950517,	'/at_chocolux/facebook-brands.svg',	'df2f705b8014b7cd0c67a3fd0ea550862b057ca8',	'36686e889a17c202b77cef32bad75df83ac38b92',	'svg',	'facebook-brands.svg',	'c1eb4cb07f0430295419d5e24668994f927debdc',	1767950436,	1767950113,	310,	1,	2,	'image/svg+xml',	0,	0),
(54,	0,	1767950517,	1767950517,	'/at_chocolux/house-white-solid.svg',	'cd8926bbbff698e49067789115bacb6e80bfa3b9',	'36686e889a17c202b77cef32bad75df83ac38b92',	'svg',	'house-white-solid.svg',	'6248cf7317556e5932b854990c394ba3606724fd',	1767950436,	1767950113,	689,	1,	2,	'image/svg+xml',	0,	0),
(55,	0,	1767950517,	1767950517,	'/at_chocolux/insta-img.png',	'77cfea47530a034820af59c80a810889a73b20e3',	'36686e889a17c202b77cef32bad75df83ac38b92',	'png',	'insta-img.png',	'b82b0681048233f527411e6c96810620992d4ae6',	1767950436,	1767950113,	2577,	1,	2,	'image/png',	0,	0),
(56,	0,	1767950517,	1767950517,	'/at_chocolux/instagram-brands.svg',	'99c75fbcce355ebef58d07875f597025673c11f5',	'36686e889a17c202b77cef32bad75df83ac38b92',	'svg',	'instagram-brands.svg',	'e1c24b6ed57c16d1c6ae93ccb5567925e25449c5',	1767950436,	1767950113,	1067,	1,	2,	'image/svg+xml',	0,	0),
(57,	0,	1767950517,	1767950517,	'/at_chocolux/linkedin-brands.svg',	'91b153f2deda090d92d9f3db7ce828b6bce6d80b',	'36686e889a17c202b77cef32bad75df83ac38b92',	'svg',	'linkedin-brands.svg',	'3f90e5a2ef3ecec71a9caa0c43c5efc037d74539',	1767950436,	1767950113,	426,	1,	2,	'image/svg+xml',	0,	0),
(58,	0,	1767950517,	1767950517,	'/at_chocolux/location.svg',	'b9c511f6761073ddaadfe43338940e628dbee734',	'36686e889a17c202b77cef32bad75df83ac38b92',	'svg',	'location.svg',	'33f6194c618d820d24435bbf21bd0a4cbe3880af',	1767950436,	1767950113,	313,	1,	2,	'image/svg+xml',	0,	0),
(59,	0,	1767950517,	1767950517,	'/at_chocolux/offer-img.png',	'832163cd869328f4e3650d9b955b74d94c9fe74c',	'36686e889a17c202b77cef32bad75df83ac38b92',	'png',	'offer-img.png',	'25e3f8f0bcbfb2c065f77aae318b33596dbbbaf5',	1767950436,	1767950113,	67060,	1,	2,	'image/png',	0,	0),
(60,	0,	1767950517,	1767950518,	'/at_chocolux/phone.svg',	'183863896bf6f95ab8e524da6aff29070db40d61',	'36686e889a17c202b77cef32bad75df83ac38b92',	'svg',	'phone.svg',	'cfb34098176e57ca943398f5961c76c53193f43e',	1767950436,	1767950113,	422,	1,	2,	'image/svg+xml',	0,	0),
(61,	0,	1767950518,	1767950518,	'/at_chocolux/slider-bg1.png',	'383573705363f035353f71affe7ff584db5e2c67',	'36686e889a17c202b77cef32bad75df83ac38b92',	'png',	'slider-bg1.png',	'6ab004c82567596f6c950541aaebb3cf68da0c20',	1767950436,	1767950113,	74250,	1,	2,	'image/png',	0,	0),
(62,	0,	1767950518,	1767950518,	'/at_chocolux/slider-bg2.png',	'bf2fcf0f3d63e1c870a2bcabfefba9187b2d081f',	'36686e889a17c202b77cef32bad75df83ac38b92',	'png',	'slider-bg2.png',	'53540e20c340186f7881555054a7a06a0e8ced06',	1767950436,	1767950113,	155371,	1,	2,	'image/png',	0,	0),
(63,	0,	1767950518,	1767950518,	'/at_chocolux/slider-img.png',	'dc913613eb2f7e21c1df3b8a52e6eb6ce03f828b',	'36686e889a17c202b77cef32bad75df83ac38b92',	'png',	'slider-img.png',	'1e6a802428793f3980cf55be837835a2512a6d0f',	1767950436,	1767950113,	115316,	1,	2,	'image/png',	0,	0),
(64,	0,	1767950518,	1767950518,	'/at_chocolux/twitter-brands.svg',	'522a0f940d36876f57bf0c6ec5c7c47896fc1117',	'36686e889a17c202b77cef32bad75df83ac38b92',	'svg',	'twitter-brands.svg',	'd2184d8e17d2dbf8606b3f3f88195a67a0991572',	1767950436,	1767950113,	707,	1,	2,	'image/svg+xml',	0,	0),
(65,	0,	1767950518,	1767950518,	'/at_chocolux/white-arrow.png',	'0292f43028d12f9fdbabde66839a97830f81a3cb',	'36686e889a17c202b77cef32bad75df83ac38b92',	'png',	'white-arrow.png',	'c03d14cdde7387175e876aaf7a22d4206ead0d7e',	1767950436,	1767950113,	348,	1,	2,	'image/png',	0,	0),
(66,	0,	1767950518,	1767950518,	'/at_chocolux/youtube-brands.svg',	'324f72d7e4c1c7c54ec4662ae3ece0045ac48c42',	'36686e889a17c202b77cef32bad75df83ac38b92',	'svg',	'youtube-brands.svg',	'dc04feabdeb41209f6f94e6c432709ca53544b69',	1767950436,	1767950113,	501,	1,	2,	'image/svg+xml',	0,	0),
(67,	0,	1768020174,	1768020174,	'/at_chocolux/404.png',	'c1a77be54b424bd07956d6decfc836ebc3e5aa5b',	'36686e889a17c202b77cef32bad75df83ac38b92',	'png',	'404.png',	'9f01fcd4fbf4e8da220acc4d3e21f6b46a735b5e',	1768020150,	1768020117,	1794546,	1,	2,	'image/png',	0,	0);

INSERT INTO `sys_file_metadata` (`uid`, `pid`, `tstamp`, `crdate`, `sys_language_uid`, `l10n_parent`, `l10n_state`, `l10n_diffsource`, `t3ver_oid`, `t3ver_wsid`, `t3ver_state`, `t3ver_stage`, `title`, `alternative`, `categories`, `file`, `description`, `width`, `height`) VALUES
(1,	0,	1701148203,	1701148203,	0,	0,	NULL,	'',	0,	0,	0,	0,	NULL,	NULL,	0,	1,	NULL,	1107,	225),
(2,	0,	1701153442,	1701153442,	0,	0,	NULL,	'',	0,	0,	0,	0,	NULL,	NULL,	0,	2,	NULL,	156,	156),
(3,	0,	1701153442,	1701153442,	0,	0,	NULL,	'',	0,	0,	0,	0,	NULL,	NULL,	0,	3,	NULL,	18,	18),
(4,	0,	1701153442,	1701153442,	0,	0,	NULL,	'',	0,	0,	0,	0,	NULL,	NULL,	0,	4,	NULL,	120,	42),
(5,	0,	1701153442,	1701153442,	0,	0,	NULL,	'',	0,	0,	0,	0,	NULL,	NULL,	0,	5,	NULL,	156,	156),
(6,	0,	1701156425,	1701156425,	0,	0,	NULL,	'',	0,	0,	0,	0,	NULL,	NULL,	0,	6,	NULL,	105,	19),
(7,	0,	1701156481,	1701156481,	0,	0,	NULL,	'',	0,	0,	0,	0,	NULL,	NULL,	0,	7,	NULL,	498,	498),
(8,	0,	1701167464,	1701167464,	0,	0,	NULL,	'',	0,	0,	0,	0,	NULL,	NULL,	0,	8,	NULL,	751,	524),
(9,	0,	1701167464,	1701167464,	0,	0,	NULL,	'',	0,	0,	0,	0,	NULL,	NULL,	0,	9,	NULL,	1294,	880),
(10,	0,	1701167464,	1701167464,	0,	0,	NULL,	'',	0,	0,	0,	0,	NULL,	NULL,	0,	10,	NULL,	564,	312),
(11,	0,	1701167464,	1701167464,	0,	0,	NULL,	'',	0,	0,	0,	0,	NULL,	NULL,	0,	11,	NULL,	43,	20),
(12,	0,	1701167464,	1701167464,	0,	0,	NULL,	'',	0,	0,	0,	0,	NULL,	NULL,	0,	12,	NULL,	105,	19),
(13,	0,	1701167464,	1701167464,	0,	0,	NULL,	'',	0,	0,	0,	0,	NULL,	NULL,	0,	13,	NULL,	228,	237),
(14,	0,	1701167464,	1701167464,	0,	0,	NULL,	'',	0,	0,	0,	0,	NULL,	NULL,	0,	14,	NULL,	545,	673),
(15,	0,	1701167464,	1701167464,	0,	0,	NULL,	'',	0,	0,	0,	0,	NULL,	NULL,	0,	15,	NULL,	900,	920),
(16,	0,	1701167464,	1701167464,	0,	0,	NULL,	'',	0,	0,	0,	0,	NULL,	NULL,	0,	16,	NULL,	232,	217),
(17,	0,	1701167464,	1701167464,	0,	0,	NULL,	'',	0,	0,	0,	0,	NULL,	NULL,	0,	17,	NULL,	268,	130),
(18,	0,	1701167464,	1701167464,	0,	0,	NULL,	'',	0,	0,	0,	0,	NULL,	NULL,	0,	18,	NULL,	214,	201),
(19,	0,	1701167464,	1701167464,	0,	0,	NULL,	'',	0,	0,	0,	0,	NULL,	NULL,	0,	19,	NULL,	528,	346),
(20,	0,	1701241058,	1701241058,	0,	0,	NULL,	'',	0,	0,	0,	0,	NULL,	NULL,	0,	20,	NULL,	0,	0),
(21,	0,	1767857211,	1767857211,	0,	0,	NULL,	'',	0,	0,	0,	0,	NULL,	NULL,	0,	21,	NULL,	877,	535),
(22,	0,	1767875068,	1767875068,	0,	0,	NULL,	'',	0,	0,	0,	0,	NULL,	NULL,	0,	22,	NULL,	512,	512),
(23,	0,	1767875088,	1767875088,	0,	0,	NULL,	'',	0,	0,	0,	0,	NULL,	NULL,	0,	23,	NULL,	512,	512),
(24,	0,	1767875098,	1767875098,	0,	0,	NULL,	'',	0,	0,	0,	0,	NULL,	NULL,	0,	24,	NULL,	512,	512),
(25,	0,	1767877252,	1767877252,	0,	0,	NULL,	'',	0,	0,	0,	0,	NULL,	NULL,	0,	25,	NULL,	0,	0),
(26,	0,	1767878244,	1767878244,	0,	0,	NULL,	'',	0,	0,	0,	0,	NULL,	NULL,	0,	26,	NULL,	512,	512),
(27,	0,	1767878244,	1767878244,	0,	0,	NULL,	'',	0,	0,	0,	0,	NULL,	NULL,	0,	27,	NULL,	512,	512),
(28,	0,	1767878244,	1767878244,	0,	0,	NULL,	'',	0,	0,	0,	0,	NULL,	NULL,	0,	28,	NULL,	512,	512),
(29,	0,	1767878657,	1767878657,	0,	0,	NULL,	'',	0,	0,	0,	0,	NULL,	NULL,	0,	29,	NULL,	512,	512),
(30,	0,	1767878657,	1767878657,	0,	0,	NULL,	'',	0,	0,	0,	0,	NULL,	NULL,	0,	30,	NULL,	512,	512),
(31,	0,	1767933094,	1767933094,	0,	0,	NULL,	'',	0,	0,	0,	0,	NULL,	NULL,	0,	31,	NULL,	24,	24),
(32,	0,	1767933094,	1767933094,	0,	0,	NULL,	'',	0,	0,	0,	0,	NULL,	NULL,	0,	32,	NULL,	24,	24),
(33,	0,	1767933094,	1767933094,	0,	0,	NULL,	'',	0,	0,	0,	0,	NULL,	NULL,	0,	33,	NULL,	24,	24),
(34,	0,	1767950515,	1767950515,	0,	0,	NULL,	'',	0,	0,	0,	0,	NULL,	NULL,	0,	34,	NULL,	512,	512),
(35,	0,	1767950515,	1767950515,	0,	0,	NULL,	'',	0,	0,	0,	0,	NULL,	NULL,	0,	35,	NULL,	320,	512),
(36,	0,	1767950515,	1767950515,	0,	0,	NULL,	'',	0,	0,	0,	0,	NULL,	NULL,	0,	36,	NULL,	576,	512),
(37,	0,	1767950515,	1767950515,	0,	0,	NULL,	'',	0,	0,	0,	0,	NULL,	NULL,	0,	37,	NULL,	448,	512),
(38,	0,	1767950515,	1767950515,	0,	0,	NULL,	'',	0,	0,	0,	0,	NULL,	NULL,	0,	38,	NULL,	448,	512),
(39,	0,	1767950515,	1767950515,	0,	0,	NULL,	'',	0,	0,	0,	0,	NULL,	NULL,	0,	39,	NULL,	384,	512),
(40,	0,	1767950515,	1767950515,	0,	0,	NULL,	'',	0,	0,	0,	0,	NULL,	NULL,	0,	40,	NULL,	512,	512),
(41,	0,	1767950515,	1767950515,	0,	0,	NULL,	'',	0,	0,	0,	0,	NULL,	NULL,	0,	41,	NULL,	512,	512),
(42,	0,	1767950515,	1767950515,	0,	0,	NULL,	'',	0,	0,	0,	0,	NULL,	NULL,	0,	42,	NULL,	576,	512),
(43,	0,	1767950517,	1767950517,	0,	0,	NULL,	'',	0,	0,	0,	0,	NULL,	NULL,	0,	43,	NULL,	528,	346),
(44,	0,	1767950517,	1767950517,	0,	0,	NULL,	'',	0,	0,	0,	0,	NULL,	NULL,	0,	44,	NULL,	214,	201),
(45,	0,	1767950517,	1767950517,	0,	0,	NULL,	'',	0,	0,	0,	0,	NULL,	NULL,	0,	45,	NULL,	268,	130),
(46,	0,	1767950517,	1767950517,	0,	0,	NULL,	'',	0,	0,	0,	0,	NULL,	NULL,	0,	46,	NULL,	232,	217),
(47,	0,	1767950517,	1767950517,	0,	0,	NULL,	'',	0,	0,	0,	0,	NULL,	NULL,	0,	47,	NULL,	900,	920),
(48,	0,	1767950517,	1767950517,	0,	0,	NULL,	'',	0,	0,	0,	0,	NULL,	NULL,	0,	48,	NULL,	545,	673),
(49,	0,	1767950517,	1767950517,	0,	0,	NULL,	'',	0,	0,	0,	0,	NULL,	NULL,	0,	49,	NULL,	228,	237),
(50,	0,	1767950517,	1767950517,	0,	0,	NULL,	'',	0,	0,	0,	0,	NULL,	NULL,	0,	50,	NULL,	105,	19),
(51,	0,	1767950517,	1767950517,	0,	0,	NULL,	'',	0,	0,	0,	0,	NULL,	NULL,	0,	51,	NULL,	877,	535),
(52,	0,	1767950517,	1767950517,	0,	0,	NULL,	'',	0,	0,	0,	0,	NULL,	NULL,	0,	52,	NULL,	512,	512),
(53,	0,	1767950517,	1767950517,	0,	0,	NULL,	'',	0,	0,	0,	0,	NULL,	NULL,	0,	53,	NULL,	320,	512),
(54,	0,	1767950517,	1767950517,	0,	0,	NULL,	'',	0,	0,	0,	0,	NULL,	NULL,	0,	54,	NULL,	576,	512),
(55,	0,	1767950517,	1767950517,	0,	0,	NULL,	'',	0,	0,	0,	0,	NULL,	NULL,	0,	55,	NULL,	43,	20),
(56,	0,	1767950517,	1767950517,	0,	0,	NULL,	'',	0,	0,	0,	0,	NULL,	NULL,	0,	56,	NULL,	448,	512),
(57,	0,	1767950517,	1767950517,	0,	0,	NULL,	'',	0,	0,	0,	0,	NULL,	NULL,	0,	57,	NULL,	448,	512),
(58,	0,	1767950517,	1767950517,	0,	0,	NULL,	'',	0,	0,	0,	0,	NULL,	NULL,	0,	58,	NULL,	384,	512),
(59,	0,	1767950517,	1767950517,	0,	0,	NULL,	'',	0,	0,	0,	0,	NULL,	NULL,	0,	59,	NULL,	564,	312),
(60,	0,	1767950517,	1767950517,	0,	0,	NULL,	'',	0,	0,	0,	0,	NULL,	NULL,	0,	60,	NULL,	512,	512),
(61,	0,	1767950517,	1767950517,	0,	0,	NULL,	'',	0,	0,	0,	0,	NULL,	NULL,	0,	61,	NULL,	1294,	880),
(62,	0,	1767950517,	1767950517,	0,	0,	NULL,	'',	0,	0,	0,	0,	NULL,	NULL,	0,	62,	NULL,	751,	524),
(63,	0,	1767950517,	1767950517,	0,	0,	NULL,	'',	0,	0,	0,	0,	NULL,	NULL,	0,	63,	NULL,	498,	498),
(64,	0,	1767950517,	1767950517,	0,	0,	NULL,	'',	0,	0,	0,	0,	NULL,	NULL,	0,	64,	NULL,	512,	512),
(65,	0,	1767950517,	1767950517,	0,	0,	NULL,	'',	0,	0,	0,	0,	NULL,	NULL,	0,	65,	NULL,	105,	19),
(66,	0,	1767950517,	1767950517,	0,	0,	NULL,	'',	0,	0,	0,	0,	NULL,	NULL,	0,	66,	NULL,	576,	512),
(67,	0,	1768020174,	1768020174,	0,	0,	NULL,	'',	0,	0,	0,	0,	NULL,	NULL,	0,	67,	NULL,	1536,	1024);

INSERT INTO `sys_file_reference` (`uid`, `pid`, `tstamp`, `crdate`, `deleted`, `hidden`, `sys_language_uid`, `l10n_parent`, `l10n_state`, `l10n_diffsource`, `t3ver_oid`, `t3ver_wsid`, `t3ver_state`, `t3ver_stage`, `uid_local`, `title`, `alternative`, `uid_foreign`, `tablenames`, `fieldname`, `sorting_foreign`, `link`, `description`, `crop`, `autoplay`) VALUES
(61,	1,	1767877265,	1767877265,	0,	0,	0,	0,	NULL,	'',	0,	0,	0,	0,	23,	NULL,	NULL,	24,	'tt_content',	'tx_mask_icon',	1,	'',	NULL,	'{\"default\":{\"cropArea\":{\"x\":0,\"y\":0,\"width\":1,\"height\":1},\"selectedRatio\":\"NaN\",\"focusArea\":null}}',	0),
(62,	1,	1767877265,	1767877265,	0,	0,	0,	0,	NULL,	'',	0,	0,	0,	0,	22,	NULL,	NULL,	24,	'tt_content',	'tx_mask_icon',	2,	'',	NULL,	'{\"default\":{\"cropArea\":{\"x\":0,\"y\":0,\"width\":1,\"height\":1},\"selectedRatio\":\"NaN\",\"focusArea\":null}}',	0),
(63,	1,	1767877265,	1767877265,	0,	0,	0,	0,	NULL,	'',	0,	0,	0,	0,	24,	NULL,	NULL,	24,	'tt_content',	'tx_mask_icon',	3,	'',	NULL,	'{\"default\":{\"cropArea\":{\"x\":0,\"y\":0,\"width\":1,\"height\":1},\"selectedRatio\":\"NaN\",\"focusArea\":null}}',	0),
(84,	1,	1769581077,	1767950612,	0,	0,	0,	0,	NULL,	'{\"hidden\":\"\"}',	0,	0,	0,	0,	61,	NULL,	NULL,	1,	'tt_content',	'tx_mask_background_choco',	1,	'',	NULL,	'{\"default\":{\"cropArea\":{\"x\":0,\"y\":0,\"width\":1,\"height\":1},\"selectedRatio\":\"NaN\",\"focusArea\":null}}',	0),
(85,	1,	1769581077,	1767950612,	0,	0,	0,	0,	NULL,	'{\"hidden\":\"\"}',	0,	0,	0,	0,	62,	NULL,	NULL,	1,	'tt_content',	'tx_mask_background_image',	1,	'',	NULL,	'{\"default\":{\"cropArea\":{\"x\":0,\"y\":0,\"width\":1,\"height\":1},\"selectedRatio\":\"NaN\",\"focusArea\":null}}',	0),
(86,	1,	1769581077,	1767950612,	0,	0,	0,	0,	NULL,	'{\"hidden\":\"\"}',	0,	0,	0,	0,	65,	NULL,	NULL,	1,	'tx_mask_carousel_repeat',	'tx_mask_link_image',	1,	'',	NULL,	'{\"default\":{\"cropArea\":{\"x\":0,\"y\":0,\"width\":1,\"height\":1},\"selectedRatio\":\"NaN\",\"focusArea\":null}}',	0),
(87,	1,	1769581077,	1767950612,	0,	0,	0,	0,	NULL,	'{\"hidden\":\"\"}',	0,	0,	0,	0,	63,	NULL,	NULL,	1,	'tx_mask_carousel_repeat',	'tx_mask_carousel_image',	1,	'',	NULL,	'{\"default\":{\"cropArea\":{\"x\":0,\"y\":0,\"width\":1,\"height\":1},\"selectedRatio\":\"NaN\",\"focusArea\":null}}',	0),
(88,	1,	1769581077,	1767950612,	0,	0,	0,	0,	NULL,	'{\"hidden\":\"\"}',	0,	0,	0,	0,	65,	NULL,	NULL,	2,	'tx_mask_carousel_repeat',	'tx_mask_link_image',	1,	'',	NULL,	'{\"default\":{\"cropArea\":{\"x\":0,\"y\":0,\"width\":1,\"height\":1},\"selectedRatio\":\"NaN\",\"focusArea\":null}}',	0),
(89,	1,	1769581077,	1767950612,	0,	0,	0,	0,	NULL,	'{\"hidden\":\"\"}',	0,	0,	0,	0,	63,	NULL,	NULL,	2,	'tx_mask_carousel_repeat',	'tx_mask_carousel_image',	1,	'',	NULL,	'{\"default\":{\"cropArea\":{\"x\":0,\"y\":0,\"width\":1,\"height\":1},\"selectedRatio\":\"NaN\",\"focusArea\":null}}',	0),
(90,	1,	1769581077,	1767950612,	0,	0,	0,	0,	NULL,	'{\"hidden\":\"\"}',	0,	0,	0,	0,	65,	NULL,	NULL,	3,	'tx_mask_carousel_repeat',	'tx_mask_link_image',	1,	'',	NULL,	'{\"default\":{\"cropArea\":{\"x\":0,\"y\":0,\"width\":1,\"height\":1},\"selectedRatio\":\"NaN\",\"focusArea\":null}}',	0),
(91,	1,	1769581077,	1767950612,	0,	0,	0,	0,	NULL,	'{\"hidden\":\"\"}',	0,	0,	0,	0,	63,	NULL,	NULL,	3,	'tx_mask_carousel_repeat',	'tx_mask_carousel_image',	1,	'',	NULL,	'{\"default\":{\"cropArea\":{\"x\":0,\"y\":0,\"width\":1,\"height\":1},\"selectedRatio\":\"NaN\",\"focusArea\":null}}',	0),
(92,	1,	1769576593,	1767951332,	0,	0,	0,	0,	NULL,	'{\"hidden\":\"\"}',	0,	0,	0,	0,	50,	NULL,	NULL,	2,	'tt_content',	'tx_mask_about_linkimage',	1,	'',	NULL,	'{\"default\":{\"cropArea\":{\"x\":0,\"y\":0,\"width\":1,\"height\":1},\"selectedRatio\":\"NaN\",\"focusArea\":null}}',	0),
(93,	1,	1769576593,	1767951420,	0,	0,	0,	0,	NULL,	'{\"alternative\":\"\",\"crop\":\"\",\"description\":\"\",\"hidden\":\"\",\"link\":\"\",\"title\":\"\",\"uid_local\":\"\"}',	0,	0,	0,	0,	43,	NULL,	NULL,	2,	'tt_content',	'tx_mask_about_image',	1,	'',	NULL,	'{\"default\":{\"cropArea\":{\"x\":0,\"y\":0,\"width\":1,\"height\":1},\"selectedRatio\":\"NaN\",\"focusArea\":null}}',	0),
(94,	1,	1769583365,	1767951502,	0,	0,	0,	0,	NULL,	'{\"hidden\":\"\"}',	0,	0,	0,	0,	44,	NULL,	NULL,	1,	'tx_mask_chocolates_repeat',	'tx_mask_chocolates_images',	1,	'',	NULL,	'{\"default\":{\"cropArea\":{\"x\":0,\"y\":0,\"width\":1,\"height\":1},\"selectedRatio\":\"NaN\",\"focusArea\":null}}',	0),
(95,	1,	1769583365,	1767951502,	0,	0,	0,	0,	NULL,	'{\"hidden\":\"\"}',	0,	0,	0,	0,	45,	NULL,	NULL,	2,	'tx_mask_chocolates_repeat',	'tx_mask_chocolates_images',	1,	'',	NULL,	'{\"default\":{\"cropArea\":{\"x\":0,\"y\":0,\"width\":1,\"height\":1},\"selectedRatio\":\"NaN\",\"focusArea\":null}}',	0),
(96,	1,	1767965348,	1767951502,	0,	0,	0,	0,	NULL,	'{\"alternative\":\"\",\"crop\":\"\",\"description\":\"\",\"hidden\":\"\",\"link\":\"\",\"title\":\"\",\"uid_local\":\"\"}',	0,	0,	0,	0,	46,	NULL,	NULL,	3,	'tx_mask_chocolates_repeat',	'tx_mask_chocolates_images',	1,	'',	NULL,	'{\"default\":{\"cropArea\":{\"x\":0,\"y\":0,\"width\":1,\"height\":1},\"selectedRatio\":\"NaN\",\"focusArea\":null}}',	0),
(97,	1,	1767965348,	1767951502,	0,	0,	0,	0,	NULL,	'{\"alternative\":\"\",\"crop\":\"\",\"description\":\"\",\"hidden\":\"\",\"link\":\"\",\"title\":\"\",\"uid_local\":\"\"}',	0,	0,	0,	0,	44,	NULL,	NULL,	4,	'tx_mask_chocolates_repeat',	'tx_mask_chocolates_images',	1,	'',	NULL,	'{\"default\":{\"cropArea\":{\"x\":0,\"y\":0,\"width\":1,\"height\":1},\"selectedRatio\":\"NaN\",\"focusArea\":null}}',	0),
(98,	1,	1767965348,	1767951502,	0,	0,	0,	0,	NULL,	'{\"alternative\":\"\",\"crop\":\"\",\"description\":\"\",\"hidden\":\"\",\"link\":\"\",\"title\":\"\",\"uid_local\":\"\"}',	0,	0,	0,	0,	45,	NULL,	NULL,	5,	'tx_mask_chocolates_repeat',	'tx_mask_chocolates_images',	1,	'',	NULL,	'{\"default\":{\"cropArea\":{\"x\":0,\"y\":0,\"width\":1,\"height\":1},\"selectedRatio\":\"NaN\",\"focusArea\":null}}',	0),
(99,	1,	1767965348,	1767951502,	0,	0,	0,	0,	NULL,	'{\"alternative\":\"\",\"crop\":\"\",\"description\":\"\",\"hidden\":\"\",\"link\":\"\",\"title\":\"\",\"uid_local\":\"\"}',	0,	0,	0,	0,	46,	NULL,	NULL,	6,	'tx_mask_chocolates_repeat',	'tx_mask_chocolates_images',	1,	'',	NULL,	'{\"default\":{\"cropArea\":{\"x\":0,\"y\":0,\"width\":1,\"height\":1},\"selectedRatio\":\"NaN\",\"focusArea\":null}}',	0),
(100,	1,	1769577119,	1767951565,	0,	0,	0,	0,	NULL,	'{\"hidden\":\"\"}',	0,	0,	0,	0,	59,	NULL,	NULL,	4,	'tt_content',	'tx_mask_offer_img',	1,	'',	NULL,	'{\"default\":{\"cropArea\":{\"x\":0,\"y\":0,\"width\":1,\"height\":1},\"selectedRatio\":\"NaN\",\"focusArea\":null}}',	0),
(101,	1,	1769577119,	1767951565,	0,	0,	0,	0,	NULL,	'{\"hidden\":\"\"}',	0,	0,	0,	0,	50,	NULL,	NULL,	4,	'tt_content',	'tx_mask_offer_img2',	1,	'',	NULL,	'{\"default\":{\"cropArea\":{\"x\":0,\"y\":0,\"width\":1,\"height\":1},\"selectedRatio\":\"NaN\",\"focusArea\":null}}',	0),
(102,	1,	1769576525,	1767951643,	0,	0,	0,	0,	NULL,	'{\"hidden\":\"\"}',	0,	0,	0,	0,	48,	NULL,	NULL,	5,	'tt_content',	'tx_mask_testimonial_img',	1,	'',	NULL,	'{\"default\":{\"cropArea\":{\"x\":0,\"y\":0,\"width\":1,\"height\":1},\"selectedRatio\":\"NaN\",\"focusArea\":null}}',	0),
(103,	1,	1769576525,	1767951643,	0,	0,	0,	0,	NULL,	'{\"hidden\":\"\"}',	0,	0,	0,	0,	49,	NULL,	NULL,	1,	'tx_mask_testimonial_repeat',	'tx_mask_testimonial_img2',	1,	'',	NULL,	'{\"default\":{\"cropArea\":{\"x\":0,\"y\":0,\"width\":1,\"height\":1},\"selectedRatio\":\"NaN\",\"focusArea\":null}}',	0),
(104,	1,	1769576525,	1767951643,	0,	0,	0,	0,	NULL,	'{\"hidden\":\"\"}',	0,	0,	0,	0,	49,	NULL,	NULL,	2,	'tx_mask_testimonial_repeat',	'tx_mask_testimonial_img2',	1,	'',	NULL,	'{\"default\":{\"cropArea\":{\"x\":0,\"y\":0,\"width\":1,\"height\":1},\"selectedRatio\":\"NaN\",\"focusArea\":null}}',	0),
(105,	1,	1769576525,	1767951643,	0,	0,	0,	0,	NULL,	'{\"hidden\":\"\"}',	0,	0,	0,	0,	49,	NULL,	NULL,	3,	'tx_mask_testimonial_repeat',	'tx_mask_testimonial_img2',	1,	'',	NULL,	'{\"default\":{\"cropArea\":{\"x\":0,\"y\":0,\"width\":1,\"height\":1},\"selectedRatio\":\"NaN\",\"focusArea\":null}}',	0),
(106,	1,	1769576525,	1767951643,	0,	0,	0,	0,	NULL,	'{\"hidden\":\"\"}',	0,	0,	0,	0,	47,	NULL,	NULL,	5,	'tt_content',	'tx_mask_background_img',	1,	'',	NULL,	'{\"default\":{\"cropArea\":{\"x\":0,\"y\":0,\"width\":1,\"height\":1},\"selectedRatio\":\"NaN\",\"focusArea\":null}}',	0),
(109,	1,	1767965520,	1767951900,	0,	0,	0,	0,	NULL,	'{\"alternative\":\"\",\"crop\":\"\",\"description\":\"\",\"hidden\":\"\",\"link\":\"\",\"title\":\"\",\"uid_local\":\"\"}',	0,	0,	0,	0,	58,	NULL,	NULL,	1,	'tx_mask_footerpart4_repeat',	'tx_mask_icons',	1,	'',	NULL,	'{\"default\":{\"cropArea\":{\"x\":0,\"y\":0,\"width\":1,\"height\":1},\"selectedRatio\":\"NaN\",\"focusArea\":null}}',	0),
(110,	1,	1767965520,	1767951900,	0,	0,	0,	0,	NULL,	'{\"alternative\":\"\",\"crop\":\"\",\"description\":\"\",\"hidden\":\"\",\"link\":\"\",\"title\":\"\",\"uid_local\":\"\"}',	0,	0,	0,	0,	60,	NULL,	NULL,	2,	'tx_mask_footerpart4_repeat',	'tx_mask_icons',	1,	'',	NULL,	'{\"default\":{\"cropArea\":{\"x\":0,\"y\":0,\"width\":1,\"height\":1},\"selectedRatio\":\"NaN\",\"focusArea\":null}}',	0),
(111,	1,	1767965520,	1767951900,	0,	0,	0,	0,	NULL,	'{\"alternative\":\"\",\"crop\":\"\",\"description\":\"\",\"hidden\":\"\",\"link\":\"\",\"title\":\"\",\"uid_local\":\"\"}',	0,	0,	0,	0,	52,	NULL,	NULL,	3,	'tx_mask_footerpart4_repeat',	'tx_mask_icons',	1,	'',	NULL,	'{\"default\":{\"cropArea\":{\"x\":0,\"y\":0,\"width\":1,\"height\":1},\"selectedRatio\":\"NaN\",\"focusArea\":null}}',	0),
(112,	1,	1767965520,	1767951943,	0,	0,	0,	0,	NULL,	'{\"alternative\":\"\",\"crop\":\"\",\"description\":\"\",\"hidden\":\"\",\"link\":\"\",\"title\":\"\",\"uid_local\":\"\"}',	0,	0,	0,	0,	53,	NULL,	NULL,	10,	'tt_content',	'tx_mask_social',	1,	'https://www.facebook.com/',	NULL,	'{\"default\":{\"cropArea\":{\"x\":0,\"y\":0,\"width\":1,\"height\":1},\"selectedRatio\":\"NaN\",\"focusArea\":null}}',	0),
(113,	1,	1767965520,	1767952094,	0,	0,	0,	0,	NULL,	'{\"alternative\":\"\",\"crop\":\"\",\"description\":\"\",\"hidden\":\"\",\"link\":\"\",\"title\":\"\",\"uid_local\":\"\"}',	0,	0,	0,	0,	64,	NULL,	NULL,	10,	'tt_content',	'tx_mask_social',	2,	'https://x.com/',	NULL,	'{\"default\":{\"cropArea\":{\"x\":0,\"y\":0,\"width\":1,\"height\":1},\"selectedRatio\":\"NaN\",\"focusArea\":null}}',	0),
(114,	1,	1767965520,	1767952094,	0,	0,	0,	0,	NULL,	'{\"alternative\":\"\",\"crop\":\"\",\"description\":\"\",\"hidden\":\"\",\"link\":\"\",\"title\":\"\",\"uid_local\":\"\"}',	0,	0,	0,	0,	57,	NULL,	NULL,	10,	'tt_content',	'tx_mask_social',	3,	'https://in.linkedin.com/',	NULL,	'{\"default\":{\"cropArea\":{\"x\":0,\"y\":0,\"width\":1,\"height\":1},\"selectedRatio\":\"NaN\",\"focusArea\":null}}',	0),
(115,	3,	1769576784,	1767961178,	0,	0,	0,	0,	NULL,	'{\"hidden\":\"\"}',	0,	0,	0,	0,	43,	NULL,	NULL,	12,	'tt_content',	'tx_mask_about_image',	1,	'',	NULL,	'{\"default\":{\"cropArea\":{\"x\":0,\"y\":0,\"width\":1,\"height\":1},\"selectedRatio\":\"NaN\",\"focusArea\":null}}',	0),
(116,	3,	1769576784,	1767961201,	0,	0,	0,	0,	NULL,	'{\"hidden\":\"\"}',	0,	0,	0,	0,	50,	NULL,	NULL,	12,	'tt_content',	'tx_mask_about_linkimage',	1,	'',	NULL,	'{\"default\":{\"cropArea\":{\"x\":0,\"y\":0,\"width\":1,\"height\":1},\"selectedRatio\":\"NaN\",\"focusArea\":null}}',	0),
(117,	16,	1769583167,	1767961314,	0,	0,	0,	0,	NULL,	'{\"hidden\":\"\"}',	0,	0,	0,	0,	44,	NULL,	NULL,	13,	'tx_mask_chocolates_repeat',	'tx_mask_chocolates_images',	1,	'',	NULL,	'{\"default\":{\"cropArea\":{\"x\":0,\"y\":0,\"width\":1,\"height\":1},\"selectedRatio\":\"NaN\",\"focusArea\":null}}',	0),
(118,	16,	1767965754,	1767961314,	0,	0,	0,	0,	NULL,	'{\"alternative\":\"\",\"crop\":\"\",\"description\":\"\",\"hidden\":\"\",\"link\":\"\",\"title\":\"\",\"uid_local\":\"\"}',	0,	0,	0,	0,	45,	NULL,	NULL,	14,	'tx_mask_chocolates_repeat',	'tx_mask_chocolates_images',	1,	'',	NULL,	'{\"default\":{\"cropArea\":{\"x\":0,\"y\":0,\"width\":1,\"height\":1},\"selectedRatio\":\"NaN\",\"focusArea\":null}}',	0),
(119,	16,	1767965754,	1767961314,	0,	0,	0,	0,	NULL,	'{\"alternative\":\"\",\"crop\":\"\",\"description\":\"\",\"hidden\":\"\",\"link\":\"\",\"title\":\"\",\"uid_local\":\"\"}',	0,	0,	0,	0,	46,	NULL,	NULL,	15,	'tx_mask_chocolates_repeat',	'tx_mask_chocolates_images',	1,	'',	NULL,	'{\"default\":{\"cropArea\":{\"x\":0,\"y\":0,\"width\":1,\"height\":1},\"selectedRatio\":\"NaN\",\"focusArea\":null}}',	0),
(120,	16,	1767965754,	1767961314,	0,	0,	0,	0,	NULL,	'{\"alternative\":\"\",\"crop\":\"\",\"description\":\"\",\"hidden\":\"\",\"link\":\"\",\"title\":\"\",\"uid_local\":\"\"}',	0,	0,	0,	0,	44,	NULL,	NULL,	16,	'tx_mask_chocolates_repeat',	'tx_mask_chocolates_images',	1,	'',	NULL,	'{\"default\":{\"cropArea\":{\"x\":0,\"y\":0,\"width\":1,\"height\":1},\"selectedRatio\":\"NaN\",\"focusArea\":null}}',	0),
(121,	16,	1767965754,	1767961314,	0,	0,	0,	0,	NULL,	'{\"alternative\":\"\",\"crop\":\"\",\"description\":\"\",\"hidden\":\"\",\"link\":\"\",\"title\":\"\",\"uid_local\":\"\"}',	0,	0,	0,	0,	45,	NULL,	NULL,	17,	'tx_mask_chocolates_repeat',	'tx_mask_chocolates_images',	1,	'',	NULL,	'{\"default\":{\"cropArea\":{\"x\":0,\"y\":0,\"width\":1,\"height\":1},\"selectedRatio\":\"NaN\",\"focusArea\":null}}',	0),
(122,	16,	1767965754,	1767961314,	0,	0,	0,	0,	NULL,	'{\"alternative\":\"\",\"crop\":\"\",\"description\":\"\",\"hidden\":\"\",\"link\":\"\",\"title\":\"\",\"uid_local\":\"\"}',	0,	0,	0,	0,	46,	NULL,	NULL,	18,	'tx_mask_chocolates_repeat',	'tx_mask_chocolates_images',	1,	'',	NULL,	'{\"default\":{\"cropArea\":{\"x\":0,\"y\":0,\"width\":1,\"height\":1},\"selectedRatio\":\"NaN\",\"focusArea\":null}}',	0),
(123,	14,	1769582522,	1767961344,	0,	0,	0,	0,	NULL,	'{\"hidden\":\"\"}',	0,	0,	0,	0,	59,	NULL,	NULL,	26,	'tt_content',	'tx_mask_offer_img',	1,	'',	NULL,	'{\"default\":{\"cropArea\":{\"x\":0,\"y\":0,\"width\":1,\"height\":1},\"selectedRatio\":\"NaN\",\"focusArea\":null}}',	0),
(124,	14,	1769582522,	1767961344,	0,	0,	0,	0,	NULL,	'{\"hidden\":\"\"}',	0,	0,	0,	0,	50,	NULL,	NULL,	26,	'tt_content',	'tx_mask_offer_img2',	1,	'',	NULL,	'{\"default\":{\"cropArea\":{\"x\":0,\"y\":0,\"width\":1,\"height\":1},\"selectedRatio\":\"NaN\",\"focusArea\":null}}',	0),
(125,	5,	1769581233,	1767961395,	0,	0,	0,	0,	NULL,	'{\"hidden\":\"\"}',	0,	0,	0,	0,	48,	NULL,	NULL,	16,	'tt_content',	'tx_mask_testimonial_img',	1,	'',	NULL,	'{\"default\":{\"cropArea\":{\"x\":0,\"y\":0,\"width\":1,\"height\":1},\"selectedRatio\":\"NaN\",\"focusArea\":null}}',	0),
(126,	5,	1769581233,	1767961395,	0,	0,	0,	0,	NULL,	'{\"hidden\":\"\"}',	0,	0,	0,	0,	49,	NULL,	NULL,	4,	'tx_mask_testimonial_repeat',	'tx_mask_testimonial_img2',	1,	'',	NULL,	'{\"default\":{\"cropArea\":{\"x\":0,\"y\":0,\"width\":1,\"height\":1},\"selectedRatio\":\"NaN\",\"focusArea\":null}}',	0),
(127,	5,	1769581233,	1767961395,	0,	0,	0,	0,	NULL,	'{\"hidden\":\"\"}',	0,	0,	0,	0,	49,	NULL,	NULL,	5,	'tx_mask_testimonial_repeat',	'tx_mask_testimonial_img2',	1,	'',	NULL,	'{\"default\":{\"cropArea\":{\"x\":0,\"y\":0,\"width\":1,\"height\":1},\"selectedRatio\":\"NaN\",\"focusArea\":null}}',	0),
(128,	5,	1769581233,	1767961395,	0,	0,	0,	0,	NULL,	'{\"hidden\":\"\"}',	0,	0,	0,	0,	49,	NULL,	NULL,	6,	'tx_mask_testimonial_repeat',	'tx_mask_testimonial_img2',	1,	'',	NULL,	'{\"default\":{\"cropArea\":{\"x\":0,\"y\":0,\"width\":1,\"height\":1},\"selectedRatio\":\"NaN\",\"focusArea\":null}}',	0),
(129,	5,	1769581233,	1767961395,	0,	0,	0,	0,	NULL,	'{\"hidden\":\"\"}',	0,	0,	0,	0,	47,	NULL,	NULL,	16,	'tt_content',	'tx_mask_background_img',	1,	'',	NULL,	'{\"default\":{\"cropArea\":{\"x\":0,\"y\":0,\"width\":1,\"height\":1},\"selectedRatio\":\"NaN\",\"focusArea\":null}}',	0),
(130,	17,	1769581521,	1768020178,	0,	0,	0,	0,	NULL,	'{\"alternative\":\"\",\"crop\":\"\",\"description\":\"\",\"hidden\":\"\",\"link\":\"\",\"title\":\"\",\"uid_local\":\"\"}',	0,	0,	0,	0,	67,	NULL,	NULL,	27,	'tt_content',	'image',	1,	't3://page?uid=1',	NULL,	'{\"default\":{\"cropArea\":{\"x\":0,\"y\":0,\"width\":1,\"height\":1},\"selectedRatio\":\"NaN\",\"focusArea\":null}}',	0);

INSERT INTO `sys_file_storage` (`uid`, `pid`, `tstamp`, `crdate`, `deleted`, `description`, `is_public`, `processingfolder`, `name`, `is_browsable`, `is_default`, `is_writable`, `is_online`, `auto_extract_metadata`, `driver`, `configuration`) VALUES
(1,	0,	1701086713,	1701086713,	0,	'This is the local fileadmin/ directory. This storage mount has been created automatically by TYPO3.',	1,	NULL,	'fileadmin',	1,	1,	1,	1,	1,	'Local',	'<?xml version=\"1.0\" encoding=\"utf-8\" standalone=\"yes\" ?>\n<T3FlexForms>\n    <data>\n        <sheet index=\"sDEF\">\n            <language index=\"lDEF\">\n                <field index=\"basePath\">\n                    <value index=\"vDEF\">fileadmin/</value>\n                </field>\n                <field index=\"pathType\">\n                    <value index=\"vDEF\">relative</value>\n                </field>\n                <field index=\"caseSensitive\">\n                    <value index=\"vDEF\">1</value>\n                </field>\n            </language>\n        </sheet>\n    </data>\n</T3FlexForms>');

INSERT INTO `sys_template` (`uid`, `pid`, `tstamp`, `crdate`, `deleted`, `hidden`, `starttime`, `endtime`, `sorting`, `description`, `tx_impexp_origuid`, `title`, `root`, `clear`, `constants`, `include_static_file`, `basedOn`, `includeStaticAfterBasedOn`, `config`, `static_file_mode`) VALUES
(1,	1,	1769606621,	1701086954,	0,	0,	0,	0,	256,	NULL,	0,	'chocolux',	1,	3,	'\r\nat_chocolux.website.settings.logotitle = ChocoLux\r\nat_chocolux.website.settings.favicon = EXT:at_chocolux/Resources/Public/Icons/logo.svg\r\nat_chocolux.website.settings.logo = EXT:at_chocolux/Resources/Public/Icons/logo.svg\r\nplugin.tx_atinstagram_instagramfeeds.view.templateRootPath = EXT:at_chocolux/Resources/Private/Extensions/at_instagram/Templates/\r\nplugin.tx_atinstagram_instagramfeeds.view.partialRootPath = EXT:at_chocolux/Resources/Private/Extensions/at_instagram/Partials/\r\nplugin.tx_atinstagram_instagramfeeds.view.layoutRootPath = EXT:at_chocolux/Resources/Private/Extensions/at_instagram/Layouts/',	'EXT:fluid_styled_content/Configuration/TypoScript/,EXT:fluid_styled_content/Configuration/TypoScript/Styling/,EXT:seo/Configuration/TypoScript/XmlSitemap,EXT:form/Configuration/TypoScript/,EXT:mask/Configuration/TypoScript,EXT:at_chocolux/Configuration/TypoScript,EXT:at_instagram/Configuration/TypoScript',	'',	0,	'config.contentObjectExceptionHandler = 0',	0);

INSERT INTO `tt_content` (`uid`, `pid`, `tstamp`, `crdate`, `deleted`, `hidden`, `starttime`, `endtime`, `fe_group`, `sorting`, `rowDescription`, `editlock`, `sys_language_uid`, `l18n_parent`, `l10n_source`, `l10n_state`, `l18n_diffsource`, `t3ver_oid`, `t3ver_wsid`, `t3ver_state`, `t3ver_stage`, `frame_class`, `colPos`, `table_caption`, `tx_impexp_origuid`, `CType`, `categories`, `layout`, `space_before_class`, `space_after_class`, `date`, `header`, `header_layout`, `header_position`, `header_link`, `subheader`, `bodytext`, `image`, `assets`, `imagewidth`, `imageheight`, `imageorient`, `imageborder`, `image_zoom`, `imagecols`, `pages`, `recursive`, `list_type`, `media`, `records`, `sectionIndex`, `linkToTop`, `pi_flexform`, `selected_categories`, `category_field`, `bullets_type`, `cols`, `table_class`, `table_delimiter`, `table_enclosure`, `table_header_position`, `table_tfoot`, `file_collections`, `filelink_size`, `filelink_sorting`, `filelink_sorting_direction`, `target`, `uploads_description`, `uploads_type`, `no_of_posts`, `display_type`, `posts_per_column`, `container_class`, `tx_mask_carousel_repeat`, `tx_mask_about_title`, `tx_mask_about_desc`, `tx_mask_about_link`, `tx_mask_about_link_label`, `tx_mask_about_linkimage`, `tx_mask_about_image`, `tx_mask_chocolates_title`, `tx_mask_chocolates_desc`, `tx_mask_chocolates_repeat`, `tx_mask_offer_title`, `tx_mask_offer_subtitle`, `tx_mask_offer_link1`, `tx_mask_offer_link1_label`, `tx_mask_offer_img`, `tx_mask_offer_link2`, `tx_mask_offer_link2_label`, `tx_mask_offer_img2`, `tx_mask_testimonial_img`, `tx_mask_testimonial_title`, `tx_mask_testimonial_repeat`, `tx_mask_contact_title`, `tx_mask_contact_form`, `tx_mask_content_parent_uid`, `tx_mask_content_role`, `tx_mask_content_tablenames`, `tx_mask_footerpart3_title`, `tx_mask_footerpart3_desc`, `tx_mask_footerpart4_title`, `tx_mask_footerpart4_repeat`, `tx_mask_footerpart5_text`, `tx_mask_footerpart5_link`, `tx_mask_footerpart5_link_label`, `tx_mask_google_map_link`, `tx_mask_background_choco`, `tx_mask_background_image`, `tx_mask_icon`, `tx_mask_social`, `tx_mask_background_img`, `tx_mask_button`, `tx_mask_copyright`, `tx_mask_desc`, `tx_mask_link`) VALUES
(1,	1,	1769581077,	1701156489,	0,	0,	0,	0,	'',	512,	'',	0,	0,	0,	0,	NULL,	'{\"CType\":\"\",\"categories\":\"\",\"colPos\":\"\",\"editlock\":\"\",\"endtime\":\"\",\"fe_group\":\"\",\"frame_class\":\"\",\"hidden\":\"\",\"layout\":\"\",\"linkToTop\":\"\",\"rowDescription\":\"\",\"sectionIndex\":\"\",\"space_after_class\":\"\",\"space_before_class\":\"\",\"starttime\":\"\",\"tx_mask_background_choco\":\"\",\"tx_mask_background_image\":\"\",\"tx_mask_carousel_repeat\":\"\"}',	0,	0,	0,	0,	'default',	1,	NULL,	0,	'mask_carousel',	0,	0,	'',	'',	0,	'',	0,	'',	'',	'',	NULL,	0,	0,	0,	0,	0,	0,	0,	2,	NULL,	0,	'',	0,	NULL,	1,	0,	NULL,	NULL,	'',	0,	0,	'',	124,	0,	0,	0,	NULL,	0,	'',	'',	'',	0,	0,	1,	1,	1,	'',	3,	'',	NULL,	'',	'',	0,	0,	'',	NULL,	0,	'',	NULL,	'',	'',	0,	'',	'',	0,	0,	'',	0,	'',	0,	0,	'',	'',	'',	NULL,	'',	0,	'',	'',	'',	NULL,	1,	1,	0,	0,	0,	'',	NULL,	NULL,	''),
(2,	1,	1769576593,	1701167517,	0,	0,	0,	0,	'',	1536,	'',	0,	0,	0,	0,	NULL,	'{\"CType\":\"\",\"categories\":\"\",\"colPos\":\"\",\"editlock\":\"\",\"endtime\":\"\",\"fe_group\":\"\",\"frame_class\":\"\",\"hidden\":\"\",\"layout\":\"\",\"linkToTop\":\"\",\"rowDescription\":\"\",\"sectionIndex\":\"\",\"space_after_class\":\"\",\"space_before_class\":\"\",\"starttime\":\"\",\"tx_mask_about_image\":\"\",\"tx_mask_about_link\":\"\",\"tx_mask_about_link_label\":\"\",\"tx_mask_about_linkimage\":\"\",\"tx_mask_about_title\":\"\",\"tx_mask_desc\":\"\"}',	0,	0,	0,	0,	'default',	2,	NULL,	0,	'mask_about',	0,	0,	'',	'',	0,	'',	0,	'',	'',	'',	NULL,	0,	0,	0,	0,	0,	0,	0,	2,	NULL,	0,	'',	0,	NULL,	1,	0,	NULL,	NULL,	'',	0,	0,	'',	124,	0,	0,	0,	NULL,	0,	'',	'',	'',	0,	0,	1,	1,	1,	'',	0,	'About Our Company',	'Lorem Ipsum is that it has a more-or-less normal distribution of letters, as opposed to using \'Content here, content here\', making it look like readable English. Many desktop publishing packages and web pagend web page editors now use Lorem Ipsum as their default model text,',	't3://page?uid=3',	'Read More',	1,	1,	'',	NULL,	0,	'',	NULL,	'',	'',	0,	'',	'',	0,	0,	'',	0,	'',	0,	0,	'',	'',	'',	NULL,	'',	0,	'',	'',	'',	NULL,	0,	0,	0,	0,	0,	'',	NULL,	'<p>Lorem Ipsum is that it has a more-or-less normal distribution of letters, as opposed to using \'<a href=\"t3://page?uid=6\">Content here</a>, content here\', making it look like readable English. Many desktop publishing packages and web pagend web page editors now use Lorem Ipsum as their default model text,</p>',	''),
(3,	1,	1769583365,	1701170415,	0,	0,	0,	0,	'',	1792,	'',	0,	0,	0,	0,	NULL,	'{\"CType\":\"\",\"categories\":\"\",\"colPos\":\"\",\"editlock\":\"\",\"endtime\":\"\",\"fe_group\":\"\",\"frame_class\":\"\",\"hidden\":\"\",\"layout\":\"\",\"linkToTop\":\"\",\"rowDescription\":\"\",\"sectionIndex\":\"\",\"space_after_class\":\"\",\"space_before_class\":\"\",\"starttime\":\"\",\"tx_mask_chocolates_repeat\":\"\",\"tx_mask_desc\":\"\"}',	0,	0,	0,	0,	'default',	2,	NULL,	0,	'mask_chocolates',	0,	0,	'',	'',	0,	'',	0,	'',	'',	'',	NULL,	0,	0,	0,	0,	0,	0,	0,	2,	NULL,	0,	'',	0,	NULL,	1,	0,	NULL,	NULL,	'',	0,	0,	'',	124,	0,	0,	0,	NULL,	0,	'',	'',	'',	0,	0,	1,	1,	1,	'',	0,	'',	NULL,	'',	'',	0,	0,	'Our chocolate products',	'Many desktop publishing packages and web pagend web page editors now use Lorem Ipsum as their',	6,	'',	NULL,	'',	'',	0,	'',	'',	0,	0,	'',	0,	'',	0,	0,	'',	'',	'',	NULL,	'',	0,	'',	'',	'',	NULL,	0,	0,	0,	0,	0,	'',	NULL,	'<h2 class=\"text-center\">Our chocolate products</h2>\r\n<p class=\"text-center\">Many desktop publishing packages and <a href=\"t3://page?uid=1\">web pagend </a>web page editors now use Lorem Ipsum as their</p>',	''),
(4,	1,	1769577119,	1701233707,	0,	0,	0,	0,	'',	2048,	'',	0,	0,	0,	0,	NULL,	'{\"CType\":\"\",\"categories\":\"\",\"colPos\":\"\",\"editlock\":\"\",\"endtime\":\"\",\"fe_group\":\"\",\"frame_class\":\"\",\"hidden\":\"\",\"layout\":\"\",\"linkToTop\":\"\",\"rowDescription\":\"\",\"sectionIndex\":\"\",\"space_after_class\":\"\",\"space_before_class\":\"\",\"starttime\":\"\",\"tx_mask_desc\":\"\",\"tx_mask_offer_img\":\"\",\"tx_mask_offer_img2\":\"\",\"tx_mask_offer_link2\":\"\",\"tx_mask_offer_link2_label\":\"\",\"tx_mask_offer_title\":\"\"}',	0,	0,	0,	0,	'default',	2,	NULL,	0,	'mask_offer',	0,	0,	'',	'',	0,	'',	0,	'',	'',	'',	NULL,	0,	0,	0,	0,	0,	0,	0,	2,	NULL,	0,	'',	0,	NULL,	1,	0,	NULL,	NULL,	'',	0,	0,	'',	124,	0,	0,	0,	NULL,	0,	'',	'',	'',	0,	0,	1,	1,	1,	'',	0,	'',	NULL,	'',	'',	0,	0,	'',	NULL,	0,	'Offers on chocolates',	'Get 5% Offer\r\n any Chocolate items',	't3://page?uid=14',	'Buy Now',	1,	't3://page?uid=14',	'See More',	1,	0,	'',	0,	'',	0,	0,	'',	'',	'',	NULL,	'',	0,	'',	'',	'',	NULL,	0,	0,	0,	0,	0,	'',	NULL,	'<h2 class=\"text-center\">Offers on chocolates</h2>\r\n<h3 class=\"text-center\">Get 5% Offer&nbsp;<br>any Chocolate items</h3>\r\n<p class=\"text-center\"><a href=\"t3://page?uid=1\">Buy Now&nbsp;</a></p>',	''),
(5,	1,	1769576525,	1701236187,	0,	0,	0,	0,	'',	2304,	'',	0,	0,	0,	0,	NULL,	'{\"CType\":\"\",\"categories\":\"\",\"colPos\":\"\",\"editlock\":\"\",\"endtime\":\"\",\"fe_group\":\"\",\"frame_class\":\"\",\"hidden\":\"\",\"layout\":\"\",\"linkToTop\":\"\",\"rowDescription\":\"\",\"sectionIndex\":\"\",\"space_after_class\":\"\",\"space_before_class\":\"\",\"starttime\":\"\",\"tx_mask_background_img\":\"\",\"tx_mask_testimonial_img\":\"\",\"tx_mask_testimonial_repeat\":\"\",\"tx_mask_testimonial_title\":\"\"}',	0,	0,	0,	0,	'default',	2,	NULL,	0,	'mask_testimonial',	0,	0,	'',	'',	0,	'',	0,	'',	'',	'',	NULL,	0,	0,	0,	0,	0,	0,	0,	2,	NULL,	0,	'',	0,	NULL,	1,	0,	NULL,	NULL,	'',	0,	0,	'',	124,	0,	0,	0,	NULL,	0,	'',	'',	'',	0,	0,	1,	1,	1,	'',	0,	'',	NULL,	'',	'',	0,	0,	'',	NULL,	0,	'',	NULL,	'',	'',	0,	'',	'',	0,	1,	'Testimonial',	3,	'',	0,	0,	'',	'',	'',	NULL,	'',	0,	'',	'',	'',	NULL,	0,	0,	0,	0,	1,	'',	NULL,	NULL,	''),
(6,	1,	1767965443,	1701241509,	0,	0,	0,	0,	'',	2560,	'',	0,	0,	0,	0,	NULL,	'{\"CType\":\"\",\"categories\":\"\",\"colPos\":\"\",\"editlock\":\"\",\"endtime\":\"\",\"fe_group\":\"\",\"frame_class\":\"\",\"hidden\":\"\",\"layout\":\"\",\"linkToTop\":\"\",\"rowDescription\":\"\",\"sectionIndex\":\"\",\"space_after_class\":\"\",\"space_before_class\":\"\",\"starttime\":\"\",\"tx_mask_contact_form\":\"\",\"tx_mask_contact_title\":\"\",\"tx_mask_google_map_link\":\"\"}',	0,	0,	0,	0,	'default',	2,	NULL,	0,	'mask_contact',	0,	0,	'',	'',	0,	'',	0,	'',	'',	'',	NULL,	0,	0,	0,	0,	0,	0,	0,	2,	NULL,	0,	'',	0,	NULL,	1,	0,	NULL,	NULL,	'',	0,	0,	'',	124,	0,	0,	0,	NULL,	0,	'',	'',	'',	0,	0,	1,	1,	1,	'',	0,	'',	NULL,	'',	'',	0,	0,	'',	NULL,	0,	'',	NULL,	'',	'',	0,	'',	'',	0,	0,	'',	0,	'Contact Us',	1,	0,	'',	'',	'',	NULL,	'',	0,	'',	'',	'',	'<iframe src=\"https://www.google.com/maps/embed?pb=!1m18!1m12!1m3!1d4647.585076784683!2d71.95919391160814!3d21.72270396349866!2m3!1f0!2f0!3f0!3m2!1i1024!2i768!4f13.1!3m3!1m2!1s0x395f534eedee7c91%3A0xac053b469055e9ad!2sAashro%20Tech!5e1!3m2!1sen!2sin!4v1767770907444!5m2!1sen!2sin\" width=\"100%\" height=\"450\" style=\"border:0;\" allowfullscreen=\"\" loading=\"lazy\" referrerpolicy=\"no-referrer-when-downgrade\"></iframe>',	0,	0,	0,	0,	0,	'',	NULL,	NULL,	''),
(7,	1,	1767965443,	1701241509,	0,	0,	0,	0,	'',	513,	'',	0,	0,	0,	0,	NULL,	'{\"CType\":\"\",\"categories\":\"\",\"colPos\":\"\",\"date\":\"\",\"editlock\":\"\",\"endtime\":\"\",\"fe_group\":\"\",\"frame_class\":\"\",\"header\":\"\",\"header_layout\":\"\",\"header_link\":\"\",\"header_position\":\"\",\"hidden\":\"\",\"layout\":\"\",\"linkToTop\":\"\",\"pi_flexform\":\"\",\"rowDescription\":\"\",\"sectionIndex\":\"\",\"space_after_class\":\"\",\"space_before_class\":\"\",\"starttime\":\"\",\"subheader\":\"\"}',	0,	0,	0,	0,	'default',	999,	NULL,	0,	'form_formframework',	0,	0,	'',	'',	0,	'',	0,	'',	'',	'',	NULL,	0,	0,	0,	0,	0,	0,	0,	2,	NULL,	0,	'',	0,	NULL,	1,	0,	'<?xml version=\"1.0\" encoding=\"utf-8\" standalone=\"yes\" ?>\n<T3FlexForms>\n    <data>\n        <sheet index=\"sDEF\">\n            <language index=\"lDEF\">\n                <field index=\"settings.persistenceIdentifier\">\n                    <value index=\"vDEF\">EXT:at_chocolux/Resources/Private/Forms/chocoluxcontact.form.yaml</value>\n                </field>\n                <field index=\"settings.overrideFinishers\">\n                    <value index=\"vDEF\">1</value>\n                </field>\n            </language>\n        </sheet>\n    </data>\n</T3FlexForms>',	NULL,	'',	0,	0,	'',	124,	0,	0,	0,	NULL,	0,	'',	'',	'',	0,	0,	1,	1,	1,	'',	0,	'',	NULL,	'',	'',	0,	0,	'',	NULL,	0,	'',	NULL,	'',	'',	0,	'',	'',	0,	0,	'',	0,	'',	0,	6,	'tx_mask_contact_form',	'tt_content',	'',	NULL,	'',	0,	'',	'',	'',	NULL,	0,	0,	0,	0,	0,	'',	NULL,	NULL,	''),
(9,	1,	1769592779,	1701257303,	0,	0,	0,	0,	'',	768,	'',	0,	0,	0,	0,	NULL,	'{\"CType\":\"\",\"categories\":\"\",\"colPos\":\"\",\"editlock\":\"\",\"endtime\":\"\",\"fe_group\":\"\",\"frame_class\":\"\",\"hidden\":\"\",\"layout\":\"\",\"linkToTop\":\"\",\"rowDescription\":\"\",\"sectionIndex\":\"\",\"space_after_class\":\"\",\"space_before_class\":\"\",\"starttime\":\"\",\"tx_mask_desc\":\"\"}',	0,	0,	0,	0,	'default',	5,	NULL,	0,	'mask_footerpart3',	0,	0,	'',	'',	0,	'',	0,	'',	'',	'',	NULL,	0,	0,	0,	0,	0,	0,	0,	2,	NULL,	0,	'',	0,	NULL,	1,	0,	NULL,	NULL,	'',	0,	0,	'',	124,	0,	0,	0,	NULL,	0,	'',	'',	'',	0,	0,	1,	1,	1,	'',	0,	'',	NULL,	'',	'',	0,	0,	'',	NULL,	0,	'',	NULL,	'',	'',	0,	'',	'',	0,	0,	'',	0,	'',	0,	0,	'',	'',	'Company',	'when looking at its layout. The point of using Lorem Ipsum is that it has a more-or-less normal distribution of letters, as opposed to',	'',	0,	'',	'',	'',	NULL,	0,	0,	0,	0,	0,	'',	NULL,	'<h4><i>Company</i></h4>\r\n<p>when looking at its layout. The point of using Lorem Ipsum is that it has a <a href=\"t3://page?uid=1\">more-or-less</a> normal distribution of letters, as opposed to</p>',	''),
(10,	1,	1767965520,	1701258428,	0,	0,	0,	0,	'',	640,	'',	0,	0,	0,	0,	NULL,	'{\"CType\":\"\",\"categories\":\"\",\"colPos\":\"\",\"editlock\":\"\",\"endtime\":\"\",\"fe_group\":\"\",\"frame_class\":\"\",\"hidden\":\"\",\"layout\":\"\",\"linkToTop\":\"\",\"rowDescription\":\"\",\"sectionIndex\":\"\",\"space_after_class\":\"\",\"space_before_class\":\"\",\"starttime\":\"\",\"tx_mask_footerpart4_repeat\":\"\",\"tx_mask_footerpart4_title\":\"\",\"tx_mask_social\":\"\"}',	0,	0,	0,	0,	'default',	6,	NULL,	0,	'mask_footerpart4',	0,	0,	'',	'',	0,	'',	0,	'',	'',	'',	NULL,	0,	0,	0,	0,	0,	0,	0,	2,	NULL,	0,	'',	0,	NULL,	1,	0,	NULL,	NULL,	'',	0,	0,	'',	124,	0,	0,	0,	NULL,	0,	'',	'',	'',	0,	0,	1,	1,	1,	'',	0,	'',	NULL,	'',	'',	0,	0,	'',	NULL,	0,	'',	NULL,	'',	'',	0,	'',	'',	0,	0,	'',	0,	'',	0,	0,	'',	'',	'',	NULL,	'Contact Us',	3,	'',	'',	'',	NULL,	0,	0,	0,	3,	0,	'',	NULL,	NULL,	''),
(11,	1,	1769576695,	1701259009,	0,	0,	0,	0,	'',	576,	'',	0,	0,	0,	0,	NULL,	'{\"CType\":\"\",\"categories\":\"\",\"colPos\":\"\",\"editlock\":\"\",\"endtime\":\"\",\"fe_group\":\"\",\"frame_class\":\"\",\"hidden\":\"\",\"layout\":\"\",\"linkToTop\":\"\",\"rowDescription\":\"\",\"sectionIndex\":\"\",\"space_after_class\":\"\",\"space_before_class\":\"\",\"starttime\":\"\",\"tx_mask_copyright\":\"\"}',	0,	0,	0,	0,	'default',	7,	NULL,	0,	'mask_footerpart5',	0,	0,	'',	'',	0,	'',	0,	'',	'',	'',	NULL,	0,	0,	0,	0,	0,	0,	0,	2,	NULL,	0,	'',	0,	NULL,	1,	0,	NULL,	NULL,	'',	0,	0,	'',	124,	0,	0,	0,	NULL,	0,	'',	'',	'',	0,	0,	1,	1,	1,	'',	0,	'',	NULL,	'',	'',	0,	0,	'',	NULL,	0,	'',	NULL,	'',	'',	0,	'',	'',	0,	0,	'',	0,	'',	0,	0,	'',	'',	'',	NULL,	'',	0,	'All Rights Reserved By',	'https://aashro.com',	'AASHRO TECH AND SOLUTIONS.',	NULL,	0,	0,	0,	0,	0,	'',	'<p>All Rights Reserved By <a href=\"https://www.aashro.com/\">AASHRO TECH AND SOLUTIONS.</a></p>',	NULL,	''),
(12,	3,	1769576784,	1701259248,	0,	0,	0,	0,	'',	256,	'',	0,	0,	0,	0,	NULL,	'{\"CType\":\"\",\"categories\":\"\",\"colPos\":\"\",\"editlock\":\"\",\"endtime\":\"\",\"fe_group\":\"\",\"frame_class\":\"\",\"hidden\":\"\",\"layout\":\"\",\"linkToTop\":\"\",\"rowDescription\":\"\",\"sectionIndex\":\"\",\"space_after_class\":\"\",\"space_before_class\":\"\",\"starttime\":\"\",\"tx_mask_about_image\":\"\",\"tx_mask_about_link\":\"\",\"tx_mask_about_link_label\":\"\",\"tx_mask_about_linkimage\":\"\",\"tx_mask_about_title\":\"\",\"tx_mask_desc\":\"\"}',	0,	0,	0,	0,	'default',	0,	NULL,	0,	'mask_about',	0,	0,	'',	'',	0,	'',	0,	'',	'',	'',	NULL,	0,	0,	0,	0,	0,	0,	0,	2,	'',	0,	'',	0,	'',	1,	0,	NULL,	'0',	'',	0,	0,	'',	124,	0,	0,	0,	'',	0,	'',	'',	'',	0,	0,	1,	1,	1,	'',	0,	'About Our Company',	'Lorem Ipsum is that it has a more-or-less normal distribution of letters, as opposed to using \'Content here, content here\', making it look like readable English. Many desktop publishing packages and web pagend web page editors now use Lorem Ipsum as their default model text',	't3://page?uid=3',	'Read More',	1,	1,	'',	NULL,	0,	'',	NULL,	'',	'',	0,	'',	'',	0,	0,	'',	0,	'',	0,	0,	'',	'',	'',	NULL,	'',	0,	'',	'',	'',	NULL,	0,	0,	0,	0,	0,	'',	NULL,	'<p>Lorem Ipsum is that it has a more-or-less normal distribution of letters, as opposed to using \'<a href=\"t3://page?uid=6\">Content here</a>, content here\', making it look like readable English. Many desktop publishing packages and web pagend web page editors now use Lorem Ipsum as their default model text,</p>',	''),
(15,	16,	1769583167,	1701259277,	0,	0,	0,	0,	'',	256,	'',	0,	0,	0,	0,	NULL,	'{\"CType\":\"\",\"categories\":\"\",\"colPos\":\"\",\"editlock\":\"\",\"endtime\":\"\",\"fe_group\":\"\",\"frame_class\":\"\",\"hidden\":\"\",\"layout\":\"\",\"linkToTop\":\"\",\"rowDescription\":\"\",\"sectionIndex\":\"\",\"space_after_class\":\"\",\"space_before_class\":\"\",\"starttime\":\"\",\"tx_mask_chocolates_repeat\":\"\",\"tx_mask_chocolates_title\":\"\",\"tx_mask_desc\":\"\"}',	0,	0,	0,	0,	'default',	0,	NULL,	0,	'mask_chocolates',	0,	0,	'',	'',	0,	'',	0,	'',	'',	'',	NULL,	0,	0,	0,	0,	0,	0,	0,	2,	'',	0,	'',	0,	'',	1,	0,	NULL,	'0',	'',	0,	0,	'',	124,	0,	0,	0,	'',	0,	'',	'',	'',	0,	0,	1,	1,	1,	'',	0,	'',	NULL,	'',	'',	0,	0,	'Our chocolate products',	'Many desktop publishing packages and web pagend web page editors now use Lorem Ipsum as their',	6,	'',	NULL,	'',	'',	0,	'',	'',	0,	0,	'',	0,	'',	0,	0,	'',	'',	'',	NULL,	'',	0,	'',	'',	'',	NULL,	0,	0,	0,	0,	0,	'',	NULL,	'<h2 class=\"text-center\">Our chocolate products</h2>\r\n<p class=\"text-center\">Many desktop publishing packages and <a href=\"t3://page?uid=1\">web pagend </a>web page editors now use Lorem Ipsum as their</p>',	''),
(16,	5,	1769581233,	1701259295,	0,	0,	0,	0,	'',	256,	'',	0,	0,	0,	0,	NULL,	'{\"CType\":\"\",\"categories\":\"\",\"colPos\":\"\",\"editlock\":\"\",\"endtime\":\"\",\"fe_group\":\"\",\"frame_class\":\"\",\"hidden\":\"\",\"layout\":\"\",\"linkToTop\":\"\",\"rowDescription\":\"\",\"sectionIndex\":\"\",\"space_after_class\":\"\",\"space_before_class\":\"\",\"starttime\":\"\",\"tx_mask_background_img\":\"\",\"tx_mask_testimonial_img\":\"\",\"tx_mask_testimonial_repeat\":\"\",\"tx_mask_testimonial_title\":\"\"}',	0,	0,	0,	0,	'default',	0,	NULL,	0,	'mask_testimonial',	0,	0,	'',	'',	0,	'',	0,	'',	'',	'',	NULL,	0,	0,	0,	0,	0,	0,	0,	2,	'',	0,	'',	0,	'',	1,	0,	NULL,	'0',	'',	0,	0,	'',	124,	0,	0,	0,	'',	0,	'',	'',	'',	0,	0,	1,	1,	1,	'',	0,	'',	NULL,	'',	'',	0,	0,	'',	NULL,	0,	'',	NULL,	'',	'',	0,	'',	'',	0,	1,	'Testimonial',	3,	'',	0,	0,	'',	'',	'',	NULL,	'',	0,	'',	'',	'',	NULL,	0,	0,	0,	0,	1,	'',	NULL,	NULL,	''),
(21,	6,	1767953172,	1701259336,	0,	0,	0,	0,	'',	1,	'',	0,	0,	0,	0,	NULL,	'{\"CType\":\"\",\"categories\":\"\",\"colPos\":\"\",\"date\":\"\",\"editlock\":\"\",\"endtime\":\"\",\"fe_group\":\"\",\"frame_class\":\"\",\"header\":\"\",\"header_layout\":\"\",\"header_link\":\"\",\"header_position\":\"\",\"hidden\":\"\",\"layout\":\"\",\"linkToTop\":\"\",\"pi_flexform\":\"\",\"rowDescription\":\"\",\"sectionIndex\":\"\",\"space_after_class\":\"\",\"space_before_class\":\"\",\"starttime\":\"\",\"subheader\":\"\"}',	0,	0,	0,	0,	'default',	999,	NULL,	0,	'form_formframework',	0,	0,	'',	'',	0,	'',	0,	'',	'',	'',	NULL,	0,	0,	0,	0,	0,	0,	0,	2,	'',	0,	'',	0,	'',	1,	0,	'<?xml version=\"1.0\" encoding=\"utf-8\" standalone=\"yes\" ?>\n<T3FlexForms>\n    <data>\n        <sheet index=\"sDEF\">\n            <language index=\"lDEF\">\n                <field index=\"settings.persistenceIdentifier\">\n                    <value index=\"vDEF\">EXT:at_chocolux/Resources/Private/Forms/chocoluxcontact.form.yaml</value>\n                </field>\n                <field index=\"settings.overrideFinishers\">\n                    <value index=\"vDEF\">0</value>\n                </field>\n            </language>\n        </sheet>\n    </data>\n</T3FlexForms>',	'0',	'',	0,	0,	'',	124,	0,	0,	0,	'',	0,	'',	'',	'',	0,	0,	1,	1,	1,	'',	0,	'',	NULL,	'',	'',	0,	0,	'',	NULL,	0,	'',	NULL,	'',	'',	0,	'',	'',	0,	0,	'',	0,	'',	0,	22,	'tx_mask_contact_form',	'tt_content',	'',	NULL,	'',	0,	'',	'',	'',	NULL,	0,	0,	0,	0,	0,	'',	NULL,	NULL,	''),
(22,	6,	1767953172,	1701259336,	0,	0,	0,	0,	'',	256,	'',	0,	0,	0,	0,	NULL,	'{\"CType\":\"\",\"categories\":\"\",\"colPos\":\"\",\"editlock\":\"\",\"endtime\":\"\",\"fe_group\":\"\",\"frame_class\":\"\",\"hidden\":\"\",\"layout\":\"\",\"linkToTop\":\"\",\"rowDescription\":\"\",\"sectionIndex\":\"\",\"space_after_class\":\"\",\"space_before_class\":\"\",\"starttime\":\"\",\"tx_mask_contact_form\":\"\",\"tx_mask_contact_title\":\"\",\"tx_mask_google_map_link\":\"\"}',	0,	0,	0,	0,	'default',	0,	NULL,	0,	'mask_contact',	0,	0,	'',	'',	0,	'',	0,	'',	'',	'',	NULL,	0,	0,	0,	0,	0,	0,	0,	2,	'',	0,	'',	0,	'',	1,	0,	NULL,	'0',	'',	0,	0,	'',	124,	0,	0,	0,	'',	0,	'',	'',	'',	0,	0,	1,	1,	1,	'',	0,	'',	NULL,	'',	'',	0,	0,	'',	NULL,	0,	'',	NULL,	'',	'',	0,	'',	'',	0,	0,	'',	0,	'Contact Us',	1,	0,	'',	'',	'',	NULL,	'',	0,	'',	'',	'',	'<iframe src=\"https://www.google.com/maps/embed?pb=!1m18!1m12!1m3!1d4647.585076784683!2d71.95919391160814!3d21.72270396349866!2m3!1f0!2f0!3f0!3m2!1i1024!2i768!4f13.1!3m3!1m2!1s0x395f534eedee7c91%3A0xac053b469055e9ad!2sAashro%20Tech!5e1!3m2!1sen!2sin!4v1767770907444!5m2!1sen!2sin\" width=\"100%\" height=\"450\" style=\"border:0;\" allowfullscreen=\"\" loading=\"lazy\" referrerpolicy=\"no-referrer-when-downgrade\"></iframe>',	0,	0,	0,	0,	0,	'',	NULL,	NULL,	''),
(26,	14,	1769582522,	1767940983,	0,	0,	0,	0,	'',	256,	'',	0,	0,	0,	0,	NULL,	'{\"CType\":\"\",\"categories\":\"\",\"colPos\":\"\",\"editlock\":\"\",\"endtime\":\"\",\"fe_group\":\"\",\"frame_class\":\"\",\"hidden\":\"\",\"layout\":\"\",\"linkToTop\":\"\",\"rowDescription\":\"\",\"sectionIndex\":\"\",\"space_after_class\":\"\",\"space_before_class\":\"\",\"starttime\":\"\",\"tx_mask_desc\":\"\",\"tx_mask_offer_img\":\"\",\"tx_mask_offer_img2\":\"\",\"tx_mask_offer_link2\":\"\",\"tx_mask_offer_link2_label\":\"\",\"tx_mask_offer_title\":\"\"}',	0,	0,	0,	0,	'default',	0,	NULL,	0,	'mask_offer',	0,	0,	'',	'',	0,	'',	0,	'',	'',	'',	NULL,	0,	0,	0,	0,	0,	0,	0,	2,	'',	0,	'',	0,	'',	1,	0,	NULL,	'0',	'',	0,	0,	'',	124,	0,	0,	0,	'',	0,	'',	'',	'',	0,	0,	1,	1,	1,	'',	0,	'',	NULL,	'',	'',	0,	0,	'',	NULL,	0,	'Offers on chocolates --- 5',	'Get 5% Offer\r\n any Chocolate items',	't3://page?uid=14',	'Buy Now',	1,	't3://page?uid=14',	'See More',	1,	0,	'',	0,	'',	0,	0,	'',	'',	'',	NULL,	'',	0,	'',	'',	'',	NULL,	0,	0,	0,	0,	0,	'',	NULL,	'<h2 class=\"text-center\">Offers on chocolates</h2>\r\n<h3 class=\"text-center\">Get 5% Offer&nbsp;<br>any Chocolate items</h3>\r\n<p class=\"text-center\"><a href=\"t3://page?uid=1\">Buy Now&nbsp;</a></p>',	''),
(27,	17,	1769581521,	1768020178,	0,	0,	0,	0,	'',	256,	'',	0,	0,	0,	0,	NULL,	'{\"CType\":\"\",\"categories\":\"\",\"colPos\":\"\",\"date\":\"\",\"editlock\":\"\",\"endtime\":\"\",\"fe_group\":\"\",\"frame_class\":\"\",\"header\":\"\",\"header_layout\":\"\",\"header_link\":\"\",\"header_position\":\"\",\"hidden\":\"\",\"image\":\"\",\"image_zoom\":\"\",\"imageborder\":\"\",\"imagecols\":\"\",\"imageheight\":\"\",\"imageorient\":\"\",\"imagewidth\":\"\",\"layout\":\"\",\"linkToTop\":\"\",\"rowDescription\":\"\",\"sectionIndex\":\"\",\"space_after_class\":\"\",\"space_before_class\":\"\",\"starttime\":\"\",\"subheader\":\"\"}',	0,	0,	0,	0,	'default',	0,	NULL,	0,	'image',	0,	0,	'extra-large',	'extra-large',	0,	'',	0,	'',	't3://page?uid=1',	'',	NULL,	1,	0,	0,	0,	0,	0,	0,	1,	NULL,	0,	'',	0,	NULL,	1,	0,	NULL,	NULL,	'',	0,	0,	'',	124,	0,	0,	0,	NULL,	0,	'',	'',	'',	0,	0,	1,	1,	1,	'',	0,	'',	NULL,	'',	'',	0,	0,	'',	NULL,	0,	'',	NULL,	'',	'',	0,	'',	'',	0,	0,	'',	0,	'',	0,	0,	'',	'',	'',	NULL,	'',	0,	'',	'',	'',	'<iframe src=\"https://www.google.com/maps/embed?pb=!1m18!1m12!1m3!1d4647.585076784683!2d71.95919391160814!3d21.72270396349866!2m3!1f0!2f0!3f0!3m2!1i1024!2i768!4f13.1!3m3!1m2!1s0x395f534eedee7c91%3A0xac053b469055e9ad!2sAashro%20Tech!5e1!3m2!1sen!2sin!4v1767770907444!5m2!1sen!2sin\" width=\"100%\" height=\"450\" style=\"border:0;\" allowfullscreen=\"\" loading=\"lazy\" referrerpolicy=\"no-referrer-when-downgrade\"></iframe>',	0,	0,	0,	0,	0,	'',	NULL,	NULL,	''),
(28,	1,	1769601471,	1769517102,	0,	0,	0,	0,	'',	1280,	'',	0,	0,	0,	0,	NULL,	'{\"CType\":\"\",\"colPos\":\"\",\"container_class\":\"\",\"display_type\":\"\",\"editlock\":\"\",\"endtime\":\"\",\"fe_group\":\"\",\"header\":\"\",\"hidden\":\"\",\"no_of_posts\":\"\",\"posts_per_column\":\"\",\"rowDescription\":\"\",\"starttime\":\"\"}',	0,	0,	0,	0,	'default',	4,	NULL,	0,	'atinstagram_feeds',	0,	0,	'',	'',	0,	'Instagram',	0,	'',	'',	'',	NULL,	0,	0,	0,	0,	0,	0,	0,	2,	NULL,	0,	'',	0,	NULL,	1,	0,	NULL,	NULL,	'',	0,	0,	'',	124,	0,	0,	0,	NULL,	0,	'',	'',	'',	0,	0,	20,	1,	5,	'',	0,	'',	NULL,	'',	'',	0,	0,	'',	NULL,	0,	'',	NULL,	'',	'',	0,	'',	'',	0,	0,	'',	0,	'',	0,	0,	'',	'',	'',	NULL,	'',	0,	'',	'',	'',	'<iframe src=\"https://www.google.com/maps/embed?pb=!1m18!1m12!1m3!1d4647.585076784683!2d71.95919391160814!3d21.72270396349866!2m3!1f0!2f0!3f0!3m2!1i1024!2i768!4f13.1!3m3!1m2!1s0x395f534eedee7c91%3A0xac053b469055e9ad!2sAashro%20Tech!5e1!3m2!1sen!2sin!4v1767770907444!5m2!1sen!2sin\" width=\"100%\" height=\"450\" style=\"border:0;\" allowfullscreen=\"\" loading=\"lazy\" referrerpolicy=\"no-referrer-when-downgrade\"></iframe>',	0,	0,	0,	0,	0,	'',	NULL,	NULL,	'');

INSERT INTO `tx_mask_carousel_repeat` (`uid`, `pid`, `tstamp`, `crdate`, `deleted`, `hidden`, `starttime`, `endtime`, `fe_group`, `sorting`, `editlock`, `sys_language_uid`, `l10n_parent`, `l10n_source`, `l10n_state`, `t3_origuid`, `l10n_diffsource`, `t3ver_oid`, `t3ver_wsid`, `t3ver_state`, `t3ver_stage`, `tx_mask_carousel_title`, `tx_mask_carousel_subtitle`, `tx_mask_carousel_link`, `tx_mask_carousel_link_label`, `parentid`, `parenttable`, `tx_mask_link_image`, `tx_mask_carousel_image`) VALUES
(1,	1,	1769581077,	1701156489,	0,	0,	0,	0,	'',	1,	0,	0,	0,	0,	NULL,	0,	'{\"editlock\":\"\",\"endtime\":\"\",\"fe_group\":\"\",\"hidden\":\"\",\"starttime\":\"\",\"tx_mask_carousel_image\":\"\",\"tx_mask_carousel_link\":\"\",\"tx_mask_carousel_link_label\":\"\",\"tx_mask_carousel_subtitle\":\"\",\"tx_mask_carousel_title\":\"\",\"tx_mask_link_image\":\"\"}',	0,	0,	0,	0,	'Chocolate',	'Yummy',	't3://page?uid=16',	'Read More',	1,	'tt_content',	1,	1),
(2,	1,	1769581077,	1701157075,	0,	0,	0,	0,	'',	2,	0,	0,	0,	0,	NULL,	0,	'{\"editlock\":\"\",\"endtime\":\"\",\"fe_group\":\"\",\"hidden\":\"\",\"starttime\":\"\",\"tx_mask_carousel_image\":\"\",\"tx_mask_carousel_link\":\"\",\"tx_mask_carousel_link_label\":\"\",\"tx_mask_carousel_subtitle\":\"\",\"tx_mask_carousel_title\":\"\",\"tx_mask_link_image\":\"\"}',	0,	0,	0,	0,	'Chocolate',	'Yummy',	't3://page?uid=16',	'Read More',	1,	'tt_content',	1,	1),
(3,	1,	1769581077,	1701157075,	0,	0,	0,	0,	'',	3,	0,	0,	0,	0,	NULL,	0,	'{\"editlock\":\"\",\"endtime\":\"\",\"fe_group\":\"\",\"hidden\":\"\",\"starttime\":\"\",\"tx_mask_carousel_image\":\"\",\"tx_mask_carousel_link\":\"\",\"tx_mask_carousel_link_label\":\"\",\"tx_mask_carousel_subtitle\":\"\",\"tx_mask_carousel_title\":\"\",\"tx_mask_link_image\":\"\"}',	0,	0,	0,	0,	'Chocolate',	'Yummy',	't3://page?uid=16',	'Read More',	1,	'tt_content',	1,	1);

INSERT INTO `tx_mask_chocolates_repeat` (`uid`, `pid`, `tstamp`, `crdate`, `deleted`, `hidden`, `starttime`, `endtime`, `fe_group`, `sorting`, `editlock`, `sys_language_uid`, `l10n_parent`, `l10n_source`, `l10n_state`, `t3_origuid`, `l10n_diffsource`, `t3ver_oid`, `t3ver_wsid`, `t3ver_state`, `t3ver_stage`, `tx_mask_chocolates_images`, `tx_mask_chocolates_title2`, `tx_mask_chocolates_subtitle`, `tx_mask_chocolates_price`, `tx_mask_chocolates_link`, `tx_mask_chocolateslink_label`, `parentid`, `parenttable`) VALUES
(1,	1,	1769583365,	1701170415,	0,	0,	0,	0,	'',	1,	0,	0,	0,	0,	NULL,	0,	'{\"editlock\":\"\",\"endtime\":\"\",\"fe_group\":\"\",\"hidden\":\"\",\"starttime\":\"\",\"tx_mask_chocolates_images\":\"\",\"tx_mask_chocolates_link\":\"\",\"tx_mask_chocolates_price\":\"\",\"tx_mask_chocolates_subtitle\":\"\",\"tx_mask_chocolates_title2\":\"\",\"tx_mask_chocolateslink_label\":\"\"}',	0,	0,	0,	0,	1,	'Yummy',	'chocolate',	'$5.0',	't3://page?uid=16',	'BUY NOW',	3,	'tt_content'),
(2,	1,	1769583365,	1701170415,	0,	0,	0,	0,	'',	2,	0,	0,	0,	0,	NULL,	0,	'{\"editlock\":\"\",\"endtime\":\"\",\"fe_group\":\"\",\"hidden\":\"\",\"starttime\":\"\",\"tx_mask_chocolates_images\":\"\",\"tx_mask_chocolates_link\":\"\",\"tx_mask_chocolates_price\":\"\",\"tx_mask_chocolates_subtitle\":\"\",\"tx_mask_chocolates_title2\":\"\",\"tx_mask_chocolateslink_label\":\"\"}',	0,	0,	0,	0,	1,	'Yummy',	'chocolate',	'$5.0',	't3://page?uid=16',	'BUY NOW',	3,	'tt_content'),
(3,	1,	1769583365,	1701170415,	0,	0,	0,	0,	'',	3,	0,	0,	0,	0,	NULL,	0,	'{\"hidden\":\"\"}',	0,	0,	0,	0,	1,	'Yummy',	'chocolate',	'$5.0',	't3://page?uid=16',	'BUY NOW',	3,	'tt_content'),
(4,	1,	1769583365,	1701170415,	0,	0,	0,	0,	'',	4,	0,	0,	0,	0,	NULL,	0,	'{\"hidden\":\"\"}',	0,	0,	0,	0,	1,	'Yummy',	'chocolate',	' $5.0',	't3://page?uid=16',	'BUY NOW',	3,	'tt_content'),
(5,	1,	1769583365,	1701170415,	0,	0,	0,	0,	'',	5,	0,	0,	0,	0,	NULL,	0,	'{\"hidden\":\"\"}',	0,	0,	0,	0,	1,	'Yummy',	'chocolate',	'$5.0',	't3://page?uid=16',	'BUY NOW',	3,	'tt_content'),
(6,	1,	1769583365,	1701170415,	0,	0,	0,	0,	'',	6,	0,	0,	0,	0,	NULL,	0,	'{\"hidden\":\"\"}',	0,	0,	0,	0,	1,	'Yummy',	'chocolate',	' $5.0',	't3://page?uid=16',	'BUY NOW',	3,	'tt_content'),
(13,	16,	1769583167,	1701259277,	0,	0,	0,	0,	'',	1,	0,	0,	0,	0,	NULL,	1,	'{\"editlock\":\"\",\"endtime\":\"\",\"fe_group\":\"\",\"hidden\":\"\",\"starttime\":\"\",\"tx_mask_chocolates_images\":\"\",\"tx_mask_chocolates_link\":\"\",\"tx_mask_chocolates_price\":\"\",\"tx_mask_chocolates_subtitle\":\"\",\"tx_mask_chocolates_title2\":\"\",\"tx_mask_chocolateslink_label\":\"\"}',	0,	0,	0,	0,	1,	'Yummy',	'chocolate',	'$5.0',	't3://page?uid=16',	'BUY NOW',	15,	'tt_content'),
(14,	16,	1769583167,	1701259277,	0,	0,	0,	0,	'',	2,	0,	0,	0,	0,	NULL,	2,	'{\"hidden\":\"\"}',	0,	0,	0,	0,	1,	'Yummy',	'chocolate',	'$5.0',	't3://page?uid=16',	'BUY NOW',	15,	'tt_content'),
(15,	16,	1769583167,	1701259277,	0,	0,	0,	0,	'',	3,	0,	0,	0,	0,	NULL,	3,	'{\"hidden\":\"\"}',	0,	0,	0,	0,	1,	'Yummy',	'chocolate',	'$5.0',	't3://page?uid=16',	'BUY NOW',	15,	'tt_content'),
(16,	16,	1769583167,	1701259277,	0,	0,	0,	0,	'',	4,	0,	0,	0,	0,	NULL,	4,	'{\"hidden\":\"\"}',	0,	0,	0,	0,	1,	'Yummy',	'chocolate',	' $5.0',	't3://page?uid=16',	'BUY NOW',	15,	'tt_content'),
(17,	16,	1769583167,	1701259277,	0,	0,	0,	0,	'',	5,	0,	0,	0,	0,	NULL,	5,	'{\"hidden\":\"\"}',	0,	0,	0,	0,	1,	'Yummy',	'chocolate',	'$5.0',	't3://page?uid=16',	'BUY NOW',	15,	'tt_content'),
(18,	16,	1769583167,	1701259277,	0,	0,	0,	0,	'',	6,	0,	0,	0,	0,	NULL,	6,	'{\"hidden\":\"\"}',	0,	0,	0,	0,	1,	'Yummy',	'chocolate',	' $5.0',	't3://page?uid=16',	'BUY NOW',	15,	'tt_content');

INSERT INTO `tx_mask_footerpart4_repeat` (`uid`, `pid`, `tstamp`, `crdate`, `deleted`, `hidden`, `starttime`, `endtime`, `fe_group`, `sorting`, `editlock`, `sys_language_uid`, `l10n_parent`, `l10n_source`, `l10n_state`, `t3_origuid`, `l10n_diffsource`, `t3ver_oid`, `t3ver_wsid`, `t3ver_state`, `t3ver_stage`, `tx_mask_footerpart4_links`, `tx_mask_footerpart4_link_label`, `tx_mask_footerpart4_icons`, `parentid`, `parenttable`, `tx_mask_icons`) VALUES
(1,	1,	1767965520,	1701258428,	0,	0,	0,	0,	'',	1,	0,	0,	0,	0,	NULL,	0,	'{\"editlock\":\"\",\"endtime\":\"\",\"fe_group\":\"\",\"hidden\":\"\",\"starttime\":\"\",\"tx_mask_footerpart4_link_label\":\"\",\"tx_mask_footerpart4_links\":\"\",\"tx_mask_icons\":\"\"}',	0,	0,	0,	0,	'https://aashro.com',	' Location',	'map-marker',	10,	'tt_content',	1),
(2,	1,	1767965520,	1701258428,	0,	0,	0,	0,	'',	2,	0,	0,	0,	0,	NULL,	0,	'{\"editlock\":\"\",\"endtime\":\"\",\"fe_group\":\"\",\"hidden\":\"\",\"starttime\":\"\",\"tx_mask_footerpart4_link_label\":\"\",\"tx_mask_footerpart4_links\":\"\",\"tx_mask_icons\":\"\"}',	0,	0,	0,	0,	'https://aashro.com',	'Call +01 1234567890',	'phone',	10,	'tt_content',	1),
(3,	1,	1767965520,	1701258428,	0,	0,	0,	0,	'',	3,	0,	0,	0,	0,	NULL,	0,	'{\"editlock\":\"\",\"endtime\":\"\",\"fe_group\":\"\",\"hidden\":\"\",\"starttime\":\"\",\"tx_mask_footerpart4_link_label\":\"\",\"tx_mask_footerpart4_links\":\"\",\"tx_mask_icons\":\"\"}',	0,	0,	0,	0,	'https://aashro.com',	'demo@gmail.com',	'envelope',	10,	'tt_content',	1);

INSERT INTO `tx_mask_testimonial_repeat` (`uid`, `pid`, `tstamp`, `crdate`, `deleted`, `hidden`, `starttime`, `endtime`, `fe_group`, `sorting`, `editlock`, `sys_language_uid`, `l10n_parent`, `l10n_source`, `l10n_state`, `t3_origuid`, `l10n_diffsource`, `t3ver_oid`, `t3ver_wsid`, `t3ver_state`, `t3ver_stage`, `tx_mask_testimonial_img2`, `tx_mask_testimonial_title2`, `tx_mask_testimonial_desc`, `parentid`, `parenttable`, `tx_mask_desc`) VALUES
(1,	1,	1769576525,	1701236187,	0,	0,	0,	0,	'',	1,	0,	0,	0,	0,	NULL,	0,	'{\"editlock\":\"\",\"endtime\":\"\",\"fe_group\":\"\",\"hidden\":\"\",\"starttime\":\"\",\"tx_mask_desc\":\"\",\"tx_mask_testimonial_img2\":\"\",\"tx_mask_testimonial_title2\":\"\"}',	0,	0,	0,	0,	1,	'Gero Miliya',	'long established fact that a reader will be distracted by the readable content of a page when looking at its layout. The point of using Lorem Ipsum is that it haslong established fact that a reader will be distracted by the readable content of a page when looking at its layout. The point of using Lorem Ipsum is that it haslong established fact that a reader will be distracted by the readable content of a page when looking at its layout. The point of using Lorem Ipsum is that it has',	5,	'tt_content',	'<p>long established fact that a reader will be distracted by the readable content of a page when looking at its layout. The point of using Lorem Ipsum is that it haslong established fact that a reader will be distracted by the readable content of a page when looking at its layout. The point of using <a href=\"t3://page?uid=1\">Lorem Ipsum</a> is that it haslong established fact that a reader will be distracted by the readable content of a page when looking at its layout. The point of using Lorem Ipsum is that it has</p>'),
(2,	1,	1769576525,	1701236187,	0,	0,	0,	0,	'',	2,	0,	0,	0,	0,	NULL,	0,	'{\"editlock\":\"\",\"endtime\":\"\",\"fe_group\":\"\",\"hidden\":\"\",\"starttime\":\"\",\"tx_mask_desc\":\"\",\"tx_mask_testimonial_img2\":\"\",\"tx_mask_testimonial_title2\":\"\"}',	0,	0,	0,	0,	1,	'Gero Miliya',	'long established fact that a reader will be distracted by the readable content of a page when looking at its layout. The point of using Lorem Ipsum is that it haslong established fact that a reader will be distracted by the readable content of a page when looking at its layout. The point of using Lorem Ipsum is that it haslong established fact that a reader will be distracted by the readable content of a page when looking at its layout. The point of using Lorem Ipsum is that it has',	5,	'tt_content',	'<p>long established fact that a reader will be distracted by the readable content of a page when looking at its layout. The point of using Lorem Ipsum is that it haslong established fact that a reader will be distracted by the readable content of a page when looking at its layout. The point of using <a href=\"t3://page?uid=1\">Lorem Ipsum</a> is that it haslong established fact that a reader will be distracted by the readable content of a page when looking at its layout. The point of using Lorem Ipsum is that it has</p>'),
(3,	1,	1769576525,	1701236187,	0,	0,	0,	0,	'',	3,	0,	0,	0,	0,	NULL,	0,	'{\"editlock\":\"\",\"endtime\":\"\",\"fe_group\":\"\",\"hidden\":\"\",\"starttime\":\"\",\"tx_mask_desc\":\"\",\"tx_mask_testimonial_img2\":\"\",\"tx_mask_testimonial_title2\":\"\"}',	0,	0,	0,	0,	1,	'Gero Miliya',	'long established fact that a reader will be distracted by the readable content of a page when looking at its layout. The point of using Lorem Ipsum is that it haslong established fact that a reader will be distracted by the readable content of a page when looking at its layout. The point of using Lorem Ipsum is that it haslong established fact that a reader will be distracted by the readable content of a page when looking at its layout. The point of using Lorem Ipsum is that it has',	5,	'tt_content',	'<p>long established fact that a reader will be distracted by the readable content of a page when looking at its layout. The point of using Lorem Ipsum is that it haslong established fact that a reader will be distracted by the readable content of a page when looking at its layout. The point of using <a href=\"t3://page?uid=1\">Lorem Ipsum</a> is that it haslong established fact that a reader will be distracted by the readable content of a page when looking at its layout. The point of using Lorem Ipsum is that it has</p>'),
(4,	5,	1769581233,	1701259295,	0,	0,	0,	0,	'',	1,	0,	0,	0,	0,	NULL,	1,	'{\"editlock\":\"\",\"endtime\":\"\",\"fe_group\":\"\",\"hidden\":\"\",\"starttime\":\"\",\"tx_mask_desc\":\"\",\"tx_mask_testimonial_img2\":\"\",\"tx_mask_testimonial_title2\":\"\"}',	0,	0,	0,	0,	1,	'Gero Miliya',	'long established fact that a reader will be distracted by the readable content of a page when looking at its layout. The point of using Lorem Ipsum is that it haslong established fact that a reader will be distracted by the readable content of a page when looking at its layout. The point of using Lorem Ipsum is that it haslong established fact that a reader will be distracted by the readable content of a page when looking at its layout. The point of using Lorem Ipsum is that it has',	16,	'tt_content',	'<p>long established fact that a reader will be distracted by the readable content of a page when looking at its layout. The point of using Lorem Ipsum is that it haslong established fact that a reader will be distracted by the readable content of a page when looking at its layout. The point of using <a href=\"t3://page?uid=1\">Lorem Ipsum</a> is that it haslong established fact that a reader will be distracted by the readable content of a page when looking at its layout. The point of using Lorem Ipsum is that it has</p>'),
(5,	5,	1769581233,	1701259295,	0,	0,	0,	0,	'',	2,	0,	0,	0,	0,	NULL,	2,	'{\"editlock\":\"\",\"endtime\":\"\",\"fe_group\":\"\",\"hidden\":\"\",\"starttime\":\"\",\"tx_mask_desc\":\"\",\"tx_mask_testimonial_img2\":\"\",\"tx_mask_testimonial_title2\":\"\"}',	0,	0,	0,	0,	1,	'Gero Miliya',	'long established fact that a reader will be distracted by the readable content of a page when looking at its layout. The point of using Lorem Ipsum is that it haslong established fact that a reader will be distracted by the readable content of a page when looking at its layout. The point of using Lorem Ipsum is that it haslong established fact that a reader will be distracted by the readable content of a page when looking at its layout. The point of using Lorem Ipsum is that it has',	16,	'tt_content',	'<p>long established fact that a reader will be distracted by the readable content of a page when looking at its layout. The point of using Lorem Ipsum is that it haslong established fact that a reader will be distracted by the readable content of a page when looking at its layout. The point of using <a href=\"t3://page?uid=1\">Lorem Ipsum</a> is that it haslong established fact that a reader will be distracted by the readable content of a page when looking at its layout. The point of using Lorem Ipsum is that it has</p>'),
(6,	5,	1769581233,	1701259295,	0,	0,	0,	0,	'',	3,	0,	0,	0,	0,	NULL,	3,	'{\"editlock\":\"\",\"endtime\":\"\",\"fe_group\":\"\",\"hidden\":\"\",\"starttime\":\"\",\"tx_mask_desc\":\"\",\"tx_mask_testimonial_img2\":\"\",\"tx_mask_testimonial_title2\":\"\"}',	0,	0,	0,	0,	1,	'Gero Miliya',	'long established fact that a reader will be distracted by the readable content of a page when looking at its layout. The point of using Lorem Ipsum is that it haslong established fact that a reader will be distracted by the readable content of a page when looking at its layout. The point of using Lorem Ipsum is that it haslong established fact that a reader will be distracted by the readable content of a page when looking at its layout. The point of using Lorem Ipsum is that it has',	16,	'tt_content',	'<p>long established fact that a reader will be distracted by the readable content of a page when looking at its layout. The point of using Lorem Ipsum is that it haslong established fact that a reader will be distracted by the readable content of a page when looking at its layout. The point of using <a href=\"t3://page?uid=1\">Lorem Ipsum</a> is that it haslong established fact that a reader will be distracted by the readable content of a page when looking at its layout. The point of using Lorem Ipsum is that it has</p>');
